gen,sp,group,en,cnt,loc,lat,lng,alt,method,date,rmk
Prinia,lepida,birds,Delicate Prinia,India,"Vadhla Dam, Moti Kathechi, Surendranagar, Gujarat",22.9146,71.9718,10,field recording,2019-02-03,
Prinia,lepida,birds,Delicate Prinia,India,"Harike wetlands, Talwandi Nepalan, Ferozepur, Punjab",31.1358,74.9525,220,field recording,2016-01-14,
Ducula,cuprea,birds,Malabar Imperial Pigeon,India,"Tambdi Surla, Bhagwan Mahaveer Wildlife Sanctuary, Goa",15.375,74.2542,190,field recording,2009-05-05,
Ducula,cuprea,birds,Malabar Imperial Pigeon,India,"Tambdi Surla, Bhagwan Mahaveer Wildlife Sanctuary, Goa",15.375,74.2542,190,field recording,2009-05-05,
Prinia,lepida,birds,Delicate Prinia,India,"West of Chhari Lake, Kutch, Gujarat (1)",23.261,69.2036,180,field recording,2013-01-30,"Same bird as on XC149603, calling in a very small patch of dense tall reedy vegetation close to the lake"
Prinia,lepida,birds,Delicate Prinia,India,"West of Chhari Lake, Kutch, Gujarat (1)",23.261,69.2036,180,field recording,2013-01-30,
Prinia,lepida,birds,Delicate Prinia,India,little rann of kutch gujarat india,23.1359,71.7451,?,field recording,2011-12-30,
Prinia,lepida,birds,Delicate Prinia,India,Dibru Saikhowa,27.6167,95.5501,?,field recording,0000-00-00,
Ducula,cuprea,birds,Malabar Imperial Pigeon,India,"Thattekad Bird Sanctuary--Urulanthanni, Idukki County, Kerala",10.1274,76.7546,60,field recording,2016-02-03,
Ducula,cuprea,birds,Malabar Imperial Pigeon,India,"Thattekad Bird Sanctuary--Urulanthanni, Idukki County, Kerala",10.1274,76.7546,60,field recording,2016-02-01,
Chloropsis,moluccensis,birds,Blue-winged Leafbird,India,"Aizawl, Aizawl, Mizoram",23.733,92.6673,800,field recording,2018-10-24,
Ducula,cuprea,birds,Malabar Imperial Pigeon,India,"Thattekad Bird Sanctuary--Urulanthanni, Idukki County, Kerala",10.1273569,76.7545867,,field recording,2017-04-11,
Ducula,cuprea,birds,Malabar Imperial Pigeon,India,"Thattekad Bird Sanctuary--Urulanthanni, Idukki County, Kerala",10.1273569,76.7545867,,field recording,2017-04-11,
Ducula,cuprea,birds,Malabar Imperial Pigeon,India,"Kakkadampoyil, Malappuram, Kerala",11.3362,76.1102,650,field recording,2017-03-19,
Prinia,lepida,birds,Delicate Prinia,India,"Desert National Park, Thar Desert, near Jaisalmer, Rajasthan",27.2575,70.892,170,field recording,2016-01-14,
Ducula,cuprea,birds,Malabar Imperial Pigeon,India,Netravali WLS,15.2514,74.2411,380,field recording,2014-11-23,The calling bird not seen but saw two birds later in afternoon.Recording was amplified & removed noise.
Ducula,cuprea,birds,Malabar Imperial Pigeon,India,"Bhagwan Mahaveer Sanctuary And Mollem National Park (near  Mollem), South Goa, Goa",15.4411,74.2544,140,field recording,2014-04-17,"Forest type: Semi-evergreen
"
Ducula,cuprea,birds,Malabar Imperial Pigeon,India,"Dedorem, Mhadei WLS, Satari - Goa",15.5928,74.2334,170,field recording,2014-03-23,
Prinia,lepida,birds,Delicate Prinia,India,"Burha Mayang Par, Kamrup, Assam",26.2539,91.9132,50,field recording,2019-01-26,
Ducula,cuprea,birds,Malabar Imperial Pigeon,India,"Kakkadampoyil, Malappuram, Kerala",11.3362,76.1102,650,field recording,2017-03-19,
Ducula,cuprea,birds,Malabar Imperial Pigeon,India,"Badgund, Uttara Kannada, Karnataka",15.2687,74.5375,500,field recording,2014-05-07,
Prinia,lepida,birds,Delicate Prinia,India,"Durgapur Barrage Birding Hotspot, Durgapur, West Bengal",23.4744,87.3064,60,field recording,2017-07-16,
Prinia,lepida,birds,Delicate Prinia,India,"Durgapur Barrage Birding Hotspot, Durgapur, West Bengal",23.4744,87.3064,60,field recording,2017-07-16,
Dendrocygna,bicolor,birds,Fulvous Whistling Duck,India,"Guduvancheri, Kanchipuram, Tamil Nadu",12.8375,80.0775,30,field recording,2022-02-06,A small flaock flying around calling <https://ebird.org/checklist/S102109050>
Dendrocygna,bicolor,birds,Fulvous Whistling Duck,India,"Guduvancheri, Kanchipuram, Tamil Nadu",12.8375,80.0775,30,field recording,2022-02-06,A small flaock flying around calling <https://ebird.org/checklist/S102109050>
Dendrocygna,bicolor,birds,Fulvous Whistling Duck,India,"OMR - Medavakkam Toll Gate (near  Chennai), Kanchipuram, Tamil Nadu",12.9011,80.2199,0,field recording,2017-08-27,Call of a single bird flying in to join a small flock in grass
Dendrocygna,javanica,birds,Lesser Whistling Duck,India,"Ograbraj (near  Hobdipur RV), Andaman and Nicobar Islands",11.6612,92.6566,0,field recording,2022-12-14,
Dendrocygna,javanica,birds,Lesser Whistling Duck,India,"Near Chouldari, South Andaman County, Andaman and Nicobar Islands",11.63,92.67,,field recording,2017-04-23,
Dendrocygna,javanica,birds,Lesser Whistling Duck,India,"Near Chouldari, South Andaman County, Andaman and Nicobar Islands",11.63,92.67,,field recording,2017-04-23,
Dendrocygna,javanica,birds,Lesser Whistling Duck,India,"Goncoi, Aldona,Bardez, Goa",15.5966,73.8729,20,field recording,2014-05-18,
Dendrocygna,javanica,birds,Lesser Whistling Duck,India,"Ograbraj (near  Hobdipur RV), Andaman and Nicobar Islands",11.6612,92.6566,0,field recording,2022-12-14,
Dendrocygna,javanica,birds,Lesser Whistling Duck,India,"Ograbraj (near  Hobdipur RV), Andaman and Nicobar Islands",11.6612,92.6566,0,field recording,2022-12-14,
Dendrocygna,javanica,birds,Lesser Whistling Duck,India,"Keoladeo National Park, Bharatpur, Rajasthan",27.1593,77.5232,,field recording,2019-04-06,Calls of a small group
Dendrocygna,javanica,birds,Lesser Whistling Duck,India,"Keoladeo National Park, Bharatpur, Rajasthan",27.1593,77.5232,,field recording,2019-04-06,Calls of a small group
Dendrocygna,javanica,birds,Lesser Whistling Duck,India,"Mallapuzhassery, Pathanamthitta, Kerala",9.3223,76.7047,10,field recording,2017-10-01,"A flock of ducks seen in the lake. They were taking off, circling and landing repeatedly, all the while whistling."
Dendrocygna,javanica,birds,Lesser Whistling Duck,India,"Shreenagar Rural, Bharatpur, Rajasthan",27.166,77.5245,180,field recording,2016-12-21,"Flock close by track at stork colony, with noisy chicks of latter calling in background."
Dendrocygna,javanica,birds,Lesser Whistling Duck,India,"Kalady, Ernakulam, Kerala",10.1691,76.4396,10,field recording,2015-08-29,single bird approaching towards the recorder and then flying away and landing; the wingbeat and splashing audible at the end
Dendrocygna,javanica,birds,Lesser Whistling Duck,India,"Maitollem Lake, South Goa, Goa",15.2961,74.0377,10,field recording,2014-12-14,"Mixture of Song,call & flight calls in a flock of 100+ birds "
Dendrocygna,javanica,birds,Lesser Whistling Duck,India,saldi pond,21.576,71.323,10,field recording,2011-10-04,
Dendrocygna,javanica,birds,Lesser Whistling Duck,India,"Carambolim Lake, Goa",15.489,73.929,6,field recording,2010-01-09,Calls from a flock on the lake.
Dendrocygna,javanica,birds,Lesser Whistling Duck,India,"Virar, Thane, Maharashtra",19.4605,72.7932,0,field recording,2021-07-01,
Dendrocygna,javanica,birds,Lesser Whistling Duck,India,"Kalady, Ernakulam, Kerala",10.1691,76.4396,10,field recording,2015-08-29,several birds taking off
Dendrocygna,javanica,birds,Lesser Whistling Duck,India,"Khamkhede, Jalgaon, Maharashtra",21.0623,76.0622,220,field recording,2021-12-24,
Dendrocygna,javanica,birds,Lesser Whistling Duck,India,"Chhatri Lake, Amravati, Maharashtra",20.8935,77.7745,360,field recording,2014-04-04,Flock of 30 birds seen in flight and landed in front of mine at the bank of waterbody.
Dendrocygna,javanica,birds,Lesser Whistling Duck,India,"Carambolim Lake, Goa",15.489,73.929,0,field recording,2014-12-16,"Was the recording modified significantly? No
Habitat: Wetland"
Anser,indicus,birds,Bar-headed Goose,India,"Pong Dam-Nagrota Surian, Kangra, Himachal Pradesh",32.0439,76.0654,420,field recording,2021-09-10,a flock of geese flying over. Looks like just crossed the Himalayas and landed in Pong dam
Anser,indicus,birds,Bar-headed Goose,India,"Kaziranga National Park, Assam",26.6667,93.3501,90,field recording,2015-01-25,A few handling noise and clicks were eliminated in processing.
Anser,indicus,birds,Bar-headed Goose,India,"Northeast of Tal Chappar, Rajasthan",27.8098,74.4602,300,field recording,2014-01-13,
Anser,indicus,birds,Bar-headed Goose,India,"Kaziranga National Park, Assam",26.6667,93.3501,90,field recording,2017-03-09,More than 20 flying over pond in Eastern Range.
Anser,indicus,birds,Bar-headed Goose,India,"Keoladeo National Park, Bharatpur, Rajasthan",27.1593,77.5232,170,field recording,2019-02-19,Calls of a small group in flight.
Anser,indicus,birds,Bar-headed Goose,India,"Menar, Udaipur, Rajasthan",24.5933,74.1126,480,field recording,2018-02-15,A flock of  about 100 birds were seen moving around calling in the pond
Anser,indicus,birds,Bar-headed Goose,India,"Menar, Udaipur, Rajasthan",24.5933,74.1126,480,field recording,2018-02-15,A flock of  about 100 birds were seen moving around calling in the pond
Anser,indicus,birds,Bar-headed Goose,India,"Kaziranga National Park, Sohola Beel, Assam",26.6804,93.5596,90,field recording,2012-11-24,"Large numbers of these geese were seen here. Several birds foraging in the muddy grass then taking flight. img:http://www.flickr.com/photos/madbirder/8271707421/
"
Anser,indicus,birds,Bar-headed Goose,India,"Kaziranga National Park, Sohola Beel, Assam",26.6804,93.5596,90,field recording,2012-11-24,Large numbers of these geese were seen here. img:http://www.flickr.com/photos/madbirder/8271707421/
Anser,indicus,birds,Bar-headed Goose,India,"Keoladeo National Park, Bharatpur, Rajasthan",27.1593,77.5232,170,field recording,2019-02-19,Calls of a small group flying over.
Anser,indicus,birds,Bar-headed Goose,India,"Bhandariya Nana, Amreli, Gujarat",21.6408,71.1557,130,field recording,2013-12-04,rarely  seen our area 
Anser,indicus,birds,Bar-headed Goose,India,"Harike, Punjab",31.1634,75.0027,200,field recording,2012-12-21,
Anser,anser,birds,Greylag Goose,India,Rann Riders,23.3194,71.8461,30,field recording,2012-02-25,7 birds flying over at the resort.
Anser,anser,birds,Greylag Goose,India,"Kaziranga National Park, Assam",26.6667,93.3501,90,field recording,2015-01-24,One man-made noise could not be avoided
Anser,anser,birds,Greylag Goose,India,"Shreenagar Rural, Bharatpur, Rajasthan",27.1545,77.5232,180,field recording,2016-02-12,
Anser,anser,birds,Greylag Goose,India,Sultanpur Bird Sanctuary,28.464,76.893,220,field recording,2013-01-20,"[flying over and identified as Bar-headed Goose by others, but I think this was a mistake - though I did not look up at the birds myself]"
Anser,anser,birds,Greylag Goose,India,"Kaziranga National Park, Sohola Beel, Assam",26.6804,93.5596,70,field recording,2012-11-25,Large groups of these seen out on the beel
Anser,anser,birds,Greylag Goose,India,"Kaziranga National Park, Sohola Beel, Assam",26.6804,93.5596,70,field recording,2012-11-25,Large groups of these seen out on the beel. 
Anser,anser,birds,Greylag Goose,India,"Kaziranga National Park, Sohola Beel, Assam",26.6804,93.5596,70,field recording,2012-11-25,Large groups of these seen out on the beel
Anser,anser,birds,Greylag Goose,India,"Kaziranga National Park, Sohola Beel, Assam",26.6804,93.5596,70,field recording,2012-11-25,Large groups of these seen out on the beel
Anser,anser,birds,Greylag Goose,India,"Kabi Mohanpur, Birbhum, West Bengal",23.6888,87.6669,50,field recording,2016-01-17,
Anser,anser,birds,Greylag Goose,India,little rann of kutch gujarat india,23.131,71.775,70,field recording,2011-12-30,
Anser,anser,birds,Greylag Goose,India,"Keoladeo National Park (near  Shreenagar Rural), Bharatpur, Rajasthan",27.1569,77.5237,180,field recording,2014-01-09,
Anser,anser,birds,Greylag Goose,India,"Keoladeo National Park (near  Shreenagar Rural), Bharatpur, Rajasthan",27.1569,77.5237,180,field recording,2014-01-09,
Anser,albifrons,birds,Greater White-fronted Goose,India,"Makhana, Kutch, Gujarat",23.2594,69.5143,130,field recording,2014-01-19,Two flight calls of either Greater White-fronted or Lesser White-fronted Goose. There were four of the former and two adult of the latter flying together. See Discussion for ID
Sarkidiornis,melanotos,birds,Knob-billed Duck,India,saldi pond  amreli ,21.5859,71.317,110,field recording,2013-10-05,
Tadorna,tadorna,birds,Common Shelduck,India,"Gajaldoba, West Bengal",26.8542,88.5591,150,field recording,2016-03-05,
Tadorna,ferruginea,birds,Ruddy Shelduck,India,"Dhado-Carambolim, North Goa, Goa",15.4779,73.9314,0,field recording,2014-12-01,
Tadorna,ferruginea,birds,Ruddy Shelduck,India,saldi pond amreli gujarat india,21.589,71.314,?,field recording,2011-11-07,
Tadorna,ferruginea,birds,Ruddy Shelduck,India,"Nawatalao lake, Kutch, Gujarat",23.4618,71.2874,0,field recording,2007-02-28,"courtship display of 2-4 birds, very windy"
Tadorna,ferruginea,birds,Ruddy Shelduck,India,"Keoladeo National Park, Bharatpur, Rajasthan",27.1593,77.5232,,field recording,2019-04-06,Calls of a pair taking off.
Tadorna,ferruginea,birds,Ruddy Shelduck,India,"Keoladeo National Park, Bharatpur, Rajasthan",27.1593,77.5232,,field recording,2019-04-06,Calls of a pair.
Tadorna,ferruginea,birds,Ruddy Shelduck,India,"Pimprisekam, Jalgaon, Maharashtra",21.0576,75.8398,190,field recording,2017-03-04,
Tadorna,ferruginea,birds,Ruddy Shelduck,India,"Mangalajodi, Khordha, Odisha",19.9165,85.4272,10,field recording,2016-12-02,
Tadorna,ferruginea,birds,Ruddy Shelduck,India,"Bhuj, Kutch, Gujarat",23.2378,69.6671,110,field recording,2016-01-18,img:https://www.flickr.com/photos/madbirder/24590647576/in/photolist-CxNdqu-DsZuNm-D4bVs7-Dviz2x-D4bUUy-DviyXe-DkJjK3-CWNJfX-Dviyqc-v8S8bi
Tadorna,ferruginea,birds,Ruddy Shelduck,India,"Carambolim Lake, Goa",15.489,73.929,0,field recording,0213-12-02,The bird was in the water filled in the paddy fields.
Tadorna,ferruginea,birds,Ruddy Shelduck,India,"Nameri National Park, Assam",26.9239,92.8812,190,field recording,2012-11-27,Two birds in the river. 
Tadorna,ferruginea,birds,Ruddy Shelduck,India,"Kaziranga National Park, Sohola Beel, Assam",26.6804,93.5596,70,field recording,2012-11-24,In with some Bar-headed Geese foraging in muddy grass next to the beel.
Tadorna,ferruginea,birds,Ruddy Shelduck,India,"Kavadi Pat, Pune, Maharashtra",18.5054,74.0006,550,field recording,2011-01-19,
Tadorna,ferruginea,birds,Ruddy Shelduck,India,"Kavadi Pat, Pune, Maharashtra",18.5054,74.0006,550,field recording,2011-01-19,
Tadorna,ferruginea,birds,Ruddy Shelduck,India,"Kavadi Pat, Pune, Maharashtra",18.5054,74.0006,550,field recording,2011-01-19,
Tadorna,ferruginea,birds,Ruddy Shelduck,India,BTPS Tapti River,21.0596,75.8367,190,field recording,2017-03-04,
Tadorna,ferruginea,birds,Ruddy Shelduck,India,"Pimprisekam, Jalgaon, Maharashtra",21.0576,75.8398,200,field recording,2017-03-04,
Tadorna,ferruginea,birds,Ruddy Shelduck,India,"Pimprisekam, Jalgaon, Maharashtra",21.0576,75.8398,190,field recording,2017-03-04,
Tadorna,ferruginea,birds,Ruddy Shelduck,India,"Durgapur Barrage Birding Hotspot, Durgapur, West Bengal",23.4744,87.3064,60,field recording,2015-01-03,
Tadorna,ferruginea,birds,Ruddy Shelduck,India,"Mangalajodi, Khordha, Odisha",19.9051,85.4365,0,field recording,2012-01-23,Sunny day. Bird clearly visible and photographed.
Tadorna,ferruginea,birds,Ruddy Shelduck,India,"Mayani Lake, Satara, Maharashtra",,,?,field recording,0000-00-00,Bird comunicate each other during entire winter.
Tadorna,ferruginea,birds,Ruddy Shelduck,India,BTPS_Tapti River,21.0658,75.8402,200,field recording,2017-03-04,
Nettapus,coromandelianus,birds,Cotton Pygmy Goose,India,"Maitollem Lake, South Goa, Goa",15.2961,74.0377,10,field recording,2014-12-14,
Nettapus,coromandelianus,birds,Cotton Pygmy Goose,India,"Ambulor Lake, South Goa, Goa",15.3414,73.9419,10,field recording,2016-02-15,
Spatula,querquedula,birds,Garganey,India,"Yelahanka Kere, Karnataka",13.1109,77.5953,,field recording,2019-04-10,Calls from at least 10 males displaying. Lots of background noise from nearby temples. Archived at the Macaulay Library as ML176200371
Spatula,querquedula,birds,Garganey,India,"Keoladeo National Park, Bharatpur, Rajasthan",27.1593,77.5232,170,field recording,2019-02-19,
Spatula,querquedula,birds,Garganey,India,"Keoladeo National Park, Bharatpur, Rajasthan",27.1593,77.5232,,field recording,2019-04-06,
Spatula,querquedula,birds,Garganey,India,"Salcete (near  Curtorim), South Goa, Goa",15.2708,74.0193,10,field recording,2017-02-09,
Spatula,querquedula,birds,Garganey,India,saldi pond amreli gujarat india,21.578,71.314,200,field recording,2011-11-07,
Spatula,clypeata,birds,Northern Shoveler,India,"Batim lake, North Goa, Goa",15.4491,73.8935,10,field recording,2016-11-26,
Spatula,clypeata,birds,Northern Shoveler,India,saldi pond,21.576,71.321,?,field recording,2011-11-12,
Spatula,clypeata,birds,Northern Shoveler,India,"Keoladeo National Park, Bharatpur, Rajasthan",27.1593,77.5232,170,field recording,2019-02-19,
Mareca,strepera,birds,Gadwall,India,"Kaziranga National Park, Sohola Beel, Assam",26.6804,93.5596,70,field recording,2012-11-25,Several birds seen here from the watchtower overlooking the beel. 
Mareca,strepera,birds,Gadwall,India,"Kaziranga National Park, Sohola Beel, Assam",26.6804,93.5596,70,field recording,2012-11-25,Several birds seen here from the watchtower overlooking the beel.
Mareca,strepera,birds,Gadwall,India,saldi pond,21.575,71.322,0,field recording,2011-11-08,
Mareca,penelope,birds,Eurasian Wigeon,India,"Maguri bill,Tinsukia, Assam",27.5755,95.3955,120,field recording,2020-01-13,
Mareca,penelope,birds,Eurasian Wigeon,India,"Kaziranga National Park, Sohola Beel, Assam",26.6804,93.5596,70,field recording,2012-11-25,First thought to be Gadwall as there were so many of these seen from the watchtower overlooking the bheel that I missed the Wigeon. Corrected by Nathan Pieplow.
Mareca,penelope,birds,Eurasian Wigeon,India,saldi pond amreli gujarat india,21.578,71.314,200,field recording,2011-11-07,
Anas,poecilorhyncha,birds,Indian Spot-billed Duck,India,"Chennai, Kanchipuram, Tamil Nadu",12.8705,80.1823,10,field recording,2020-08-03,Flight call of a few birds circling the water body.  The details can be seen here https://ebird.org/checklist/S72068727
Anas,poecilorhyncha,birds,Indian Spot-billed Duck,India,"Chennai, Kanchipuram, Tamil Nadu",12.8705,80.1823,10,field recording,2020-08-03,Flight call of a few birds circling the water body.  The details can be seen here https://ebird.org/checklist/S72068727
Anas,poecilorhyncha,birds,Indian Spot-billed Duck,India,"Bhose, Pune, Maharashtra",18.7221,73.9031,600,field recording,2011-08-03,
Anas,poecilorhyncha,birds,Indian Spot-billed Duck,India,"Jatoli Ghana, Bharatpur, Rajasthan",27.1855,77.5066,180,field recording,1986-02-12,A few birds swimming in large pond.
Anas,poecilorhyncha,birds,Indian Spot-billed Duck,India,"Chennai, Kanchipuram, Tamil Nadu",12.8705,80.1823,10,field recording,2020-08-03,Flight call of a few birds circling the water body.  The details can be seen here https://ebird.org/checklist/S72068727
Anas,poecilorhyncha,birds,Indian Spot-billed Duck,India,"Wildlife Institute of India Campus--Nature Trail, Uttarakhand",30.2864,77.9744,,field recording,2019-04-12,Archived at the Macaulay Library as ML174930111
Anas,poecilorhyncha,birds,Indian Spot-billed Duck,India,"Wildlife Institute of India Campus--Nature Trail, Uttarakhand",30.2864,77.9744,,field recording,2019-04-12,Archived at the Macaulay Library as ML174930121
Anas,poecilorhyncha,birds,Indian Spot-billed Duck,India,"Wildlife Institute of India Campus--Nature Trail, Uttarakhand",30.2864,77.9744,,field recording,2019-04-12,Archived at the Macaulay Library as ML174930131
Anas,poecilorhyncha,birds,Indian Spot-billed Duck,India,"Wildlife Institute of India Campus--Nature Trail, Uttarakhand",30.2864,77.9744,,field recording,2019-04-12,Archived at the Macaulay Library as ML174930151
Anas,poecilorhyncha,birds,Indian Spot-billed Duck,India,"Wildlife Institute of India Campus--Nature Trail, Uttarakhand",30.2864,77.9744,,field recording,2019-04-12,Archived at the Macaulay Library as ML174930161
Anas,poecilorhyncha,birds,Indian Spot-billed Duck,India,"Wildlife Institute of India Campus--Nature Trail, Uttarakhand",30.2864,77.9744,,field recording,2019-04-12,Archived at the Macaulay Library as ML174930191
Anas,poecilorhyncha,birds,Indian Spot-billed Duck,India,"WII Nature trail pond, Dehradun, Uttarakhand",30.286,77.9741,600,field recording,2019-04-13,
Anas,poecilorhyncha,birds,Indian Spot-billed Duck,India,"Keoladeo National Park, Bharatpur, Rajasthan",27.1593,77.5232,170,field recording,2019-02-19,Calls of a couple in flight.
Anas,poecilorhyncha,birds,Indian Spot-billed Duck,India,"Kanchipuram, Tamil Nadu",12.836,80.0342,40,field recording,2017-09-17,Two birds were seen in the pond
Anas,poecilorhyncha,birds,Indian Spot-billed Duck,India,"Pune, Pune, Maharashtra",18.5344,73.7853,600,field recording,2014-09-16,
Anas,poecilorhyncha,birds,Indian Spot-billed Duck,India,"Vena Reservoir, Rohana, Nagpur, Maharashtra",21.1429,78.8647,340,field recording,2014-01-25,Small group in flight
Anas,poecilorhyncha,birds,Indian Spot-billed Duck,India,"Nannaj, Maharashtra",18.5937,75.3052,550,field recording,2012-09-16,
Anas,poecilorhyncha,birds,Indian Spot-billed Duck,India,"Chennai, Kanchipuram, Tamil Nadu",12.869,80.1851,0,field recording,2019-10-20,"A small flock circling above the water body, one of them calling < https://ebird.org/india/checklist/S60773585>"
Anas,poecilorhyncha,birds,Indian Spot-billed Duck,India,"Chennai, Kanchipuram, Tamil Nadu",12.869,80.1851,0,field recording,2019-10-20,"A small flock circling above the water body, one of them calling < https://ebird.org/india/checklist/S60773585>"
Anas,poecilorhyncha,birds,Indian Spot-billed Duck,India,"Keoladeo National Park, Bharatpur, Rajasthan",27.1593,77.5232,,field recording,2019-04-06,Calls of a pair when taking off
Anas,poecilorhyncha,birds,Indian Spot-billed Duck,India,"WII Nature trail pond, Dehradun, Uttarakhand",30.286,77.9741,600,field recording,2019-04-13,
Anas,poecilorhyncha,birds,Indian Spot-billed Duck,India,Krishna River,,,546,field recording,2012-07-22,Resident duck calls when disturbed and took on wings 
Anas,poecilorhyncha,birds,Indian Spot-billed Duck,India,saldi pond,21.575,71.322,?,field recording,2011-12-04,
Anas,poecilorhyncha,birds,Indian Spot-billed Duck,India,"Keoladeo National Park, Bharatpur, Rajasthan",27.1593,77.5232,,field recording,2019-04-06,
Anas,poecilorhyncha,birds,Indian Spot-billed Duck,India,"IIT Madras, Chennai, Tamil Nadu",12.9912,80.2363,10,field recording,2019-01-08,
Anas,poecilorhyncha,birds,Indian Spot-billed Duck,India,"Pimprisekam, Jalgaon, Maharashtra",21.0576,75.8398,190,field recording,2017-03-04,
Anas,platyrhynchos,birds,Mallard,India,"Amreli, Amreli, Gujarat",21.599,71.2055,110,field recording,2013-02-11,more then 300 other duck 1 and only mallard 
Anas,acuta,birds,Northern Pintail,India,saldi pond,21.575,71.323,?,field recording,2011-11-10,
Anas,acuta,birds,Northern Pintail,India,"Ambulor Lake, South Goa, Goa",15.3414,73.9419,10,field recording,2016-02-15,
Anas,crecca,birds,Eurasian Teal,India,saldi poad amreli gujarat india,21.577,71.3148,?,field recording,2011-11-05,
Anas,albogularis,birds,Andaman Teal,India,"Road to Chidya Tapu, South Andaman County, Andaman and Nicobar Islands",11.5156,92.7116,,field recording,2017-04-25,
Anas,albogularis,birds,Andaman Teal,India,"Ograbraj (near  Hobdipur RV), Andaman and Nicobar Islands",11.6612,92.6566,0,field recording,2023-01-23,
Anas,albogularis,birds,Andaman Teal,India,"Near Chouldari, South Andaman County, Andaman and Nicobar Islands",11.63,92.67,,field recording,2017-04-23,
Anas,albogularis,birds,Andaman Teal,India,"Near Chouldari, South Andaman County, Andaman and Nicobar Islands",11.63,92.67,,field recording,2017-04-23,
Anas,albogularis,birds,Andaman Teal,India,"Near Chouldari, South Andaman County, Andaman and Nicobar Islands",11.63,92.67,,field recording,2017-04-23,
Anas,albogularis,birds,Andaman Teal,India,"Road to Chidya Tapu, South Andaman County, Andaman and Nicobar Islands",11.5156,92.7116,,field recording,2017-04-25,Call of three birds in flight.
Aythya,ferina,birds,Common Pochard,India,saldi pond ,21.5778,71.3148,?,field recording,2012-01-17,
Mergus,merganser,birds,Common Merganser,India,"Lake Tso Moriri, Ladakh, India",32.9112,78.3159,4500,field recording,2013-08-19,
Megapodius,nicobariensis,birds,Nicobar Megapode,India,,,,30,field recording,2015-11-26,"It was one of toughest journey of mine for search of elusive Nicobar Megapode.. from Jaipur to Delhi,  Delhi to Port Blair via Calcutta and after that 2 days in ship to Great Nicobar Islands..  but the real ordeal was yet to start .. some taxi drop out outside dense forest of Galathea Bay , walking around mountains in rain, slippery muddy path, galloping big rocks and miles of walking to a wild place, no electricity, no moblie, no sign of life and only sea water along with slippery rocks with loads of our luggage on our shoulders carrying food for two days, some cloths, camera equipment..  thanks to three local forest porters without them it was impossible to find a way out and manage shelter at night. some wooden sleepers to sleep and only fish and rice to eat. full of mosquitoes ,  Sea shore full of crocodiles and passage to out temp shelter was through waist deep waters, the story is quite long and needs time to explain .. the actual place of likely presence of Nicobar Megapode was further away and through dense forest ..  the place we were staying was some local point of stay..and bird destination was further away..the bird.. elusive Megapod ..  very very rare and shy.. found here only at Galathia in entire world. .comes quite in the middle of dense thick forest at his mount. .a place where he had laid last year.
 I was very tired and no strength left to walk further but my friend Mr Sangha was quite ready and I had to join.  One old forester John was acquitted with the place and only he could have led the location in that dense forest. he led the way and to my surprise there was not any track etc.. only thick forest with all wet muddy path and all kind of hurdle in walking. .John was ahead cutting all wood and branches coming in the way and making some temporary passage for us to follow. . Most of the time it was raining. .we had to walk for an hour to reach the expected destination.. it was quite dehydrating and we forgot to bring any water.. the humidity above 100  and all my towels and clothing were wet due to sweating. . we couldn't manage to click pictures but he was whole night around us.. manage some recording for the first time ..
"
Megapodius,nicobariensis,birds,Nicobar Megapode,India,,,,30,field recording,2015-12-19,"Bird was seen briefly at nest (observers were in a hide), after which there was a heavy downpour for ~ 30min. As soon as the rain stopped, the bird started calling loudly near the nest, and was seen and photographed subsequently while working on the nest. "
Arborophila,torqueola,birds,Hill Partridge,India,"Rudraprayag (near  Malkhi), Garhwal Division, Uttarakhand",30.3865,79.1013,2400,field recording,2023-04-14,
Arborophila,torqueola,birds,Hill Partridge,India,"Lama Camp, near Eaglenest WLS, Arunachal Pradesh",27.1567,92.4606,2350,field recording,2017-03-02,
Arborophila,torqueola,birds,Hill Partridge,India,"Sau Kharak, Uttarakhand",30.4789,79.2111,,field recording,2019-07-10,Archived at the Macaulay Library as ML173737511
Arborophila,torqueola,birds,Hill Partridge,India,"Chopta, Kedarnath NP, Uttarakhand",30.48,79.2,,field recording,2019-04-18,This song typically given by a male bird perched on top of a rock inside the forest.
Arborophila,torqueola,birds,Hill Partridge,India,"Chopta, Kedarnath NP, Uttarakhand",30.48,79.2,,field recording,2019-04-18,This song typically given by a male bird perched on top of a rock inside the forest.
Arborophila,torqueola,birds,Hill Partridge,India,"Mayodia Pass, Arunachal Pradesh",28.2334,95.9167,2400,field recording,2015-11-23,
Arborophila,torqueola,birds,Hill Partridge,India,"Shimla, Himachal Pradesh",31.1053,77.2399,2500,field recording,2015-05-01,
Arborophila,torqueola,birds,Hill Partridge,India,Below Bompu Camp Eagles Nest at 1200 m,27.1001,92.4001,1400,field recording,2013-04-05,
Arborophila,torqueola,birds,Hill Partridge,India,"Eaglenest Wildlife Sanctuary, Arunachal Pradesh",27.1001,92.4001,2800,field recording,2011-04-22,natural calls
Arborophila,torqueola,birds,Hill Partridge,India,"Eaglenest Wildlife Sanctuary, Arunachal Pradesh",27.1001,92.4001,2800,field recording,2011-04-22,
Arborophila,torqueola,birds,Hill Partridge,India,"Eaglenest Wildlife Sanctuary, Arunachal Pradesh",27.1001,92.4001,2500,field recording,2010-12-07,
Arborophila,torqueola,birds,Hill Partridge,India,"Eaglenest Wildlife Sanctuary, Arunachal Pradesh",27.1001,92.4001,2800,field recording,2011-04-17,bird not seen
Arborophila,torqueola,birds,Hill Partridge,India,"Yingkiong, Arunachal Pradesh",28.6333495,94.9747467,?,field recording,2006-03-24,
Arborophila,torqueola,birds,Hill Partridge,India,Lama Camp Eagle Nest wildlife sanctuary Arunachal Pradesh,27.1567,92.4606,2400,field recording,2017-03-02,"Forest slope high above the camp 
"
Arborophila,torqueola,birds,Hill Partridge,India,"George Everest, Uttarakhand",30.4589,78.0232,,field recording,2019-04-17,"Quiet calls from a male bird on the ground in tall rhododendron forest, first foraging and then walking away slowly. Archived at the Macaulay Library as ML173069371"
Arborophila,torqueola,birds,Hill Partridge,India,"Lama Camp, near Eaglenest WLS, Arunachal Pradesh",27.1567,92.4606,2400,field recording,2019-03-24,
Arborophila,torqueola,birds,Hill Partridge,India,"Chopta, Kedarnath NP, Uttarakhand",30.48,79.2,,field recording,2019-04-18,Alternative song.
Arborophila,torqueola,birds,Hill Partridge,India,"Eaglenest Pass, Eaglenest WLS, Arunachal Pradesh",27.1253,92.4553,2800,field recording,2019-04-23,
Arborophila,torqueola,birds,Hill Partridge,India,"Makku Math, Rudraprayag, Uttarakhand",30.4784,79.1406,1600,field recording,2018-04-12,
Arborophila,torqueola,birds,Hill Partridge,India,"Mud Hut, Chopta/Chamoli, Uttarakhand",30.4776,79.211,2900,field recording,2018-03-18,"Bird calling up slope and away from me, possibly at distance of 250 m.  Never seen.  Recording engineered around frequency of call and upped in volume.  Ssp inferred from location only."
Arborophila,torqueola,birds,Hill Partridge,India,"Uliyani, Pauri Garhwal, Uttarakhand",29.946,79.1228,2000,field recording,2017-07-27,
Arborophila,torqueola,birds,Hill Partridge,India,vinayak near pangot uttrakand,29.485,79.354,2300,field recording,2016-04-08,
Arborophila,torqueola,birds,Hill Partridge,India,pangot  uttarakhand,29.443,79.418,2200,field recording,2016-04-05,
Arborophila,torqueola,birds,Hill Partridge,India,Kedarnath Wild Life Sanctuary,,,2700,field recording,2016-04-09,
Arborophila,torqueola,birds,Hill Partridge,India,pangot uttarakhand,29.426,79.436,2000,field recording,2012-05-16,
Arborophila,torqueola,birds,Hill Partridge,India,"Eaglenest Wildlife Sanctuary, Arunachal Pradesh",27.1001,92.4001,2550,field recording,2011-04-18,
Arborophila,torqueola,birds,Hill Partridge,India,"Eaglenest Wildlife Sanctuary, Arunachal Pradesh",27.1001,92.4001,2800,field recording,2011-04-22,in response to playback
Arborophila,torqueola,birds,Hill Partridge,India,"Eaglenest Wildlife Sanctuary, Arunachal Pradesh",27.1001,92.4001,2800,field recording,2011-04-22,natural calls
Arborophila,torqueola,birds,Hill Partridge,India,"Eaglenest Wildlife Sanctuary, Arunachal Pradesh",27.1001,92.4001,2800,field recording,2011-04-22,calling in response to playback
Arborophila,torqueola,birds,Hill Partridge,India,"Masrana, Mussoorie Forest Division",30.4525,78.1545,2100,field recording,2023-05-07,"Noise reduction applied to remove low-frequency hum
Oak-Rhododendron forest with mostly Berberis sp. undergrowth. Bird was on the ground, 75m+ away.
Warm, sunny morning."
Arborophila,torqueola,birds,Hill Partridge,India,"Nainital (near  Naina Range), Kumaon Division, Uttarakhand",29.388,79.4392,2000,field recording,2023-02-16,"On slopes above Naini Tal Botanical Gardens
"
Arborophila,torqueola,birds,Hill Partridge,India,"Eagle Nest, Bompu camp area, Arrunachal Pradesh",27.11667,92.43333,,field recording,2018-04-03,ID based on similarity with XC115139.
Arborophila,torqueola,birds,Hill Partridge,India,sattal uttrakhand,29.348,79.529,1300,field recording,2015-09-23,
Arborophila,torqueola,birds,Hill Partridge,India,"Jeolikote, Nainital, Uttarakhand",29.3436,79.4835,1300,field recording,2016-10-19,assuming it to be an alarm call since we were near the bird. Not sure
Arborophila,torqueola,birds,Hill Partridge,India,"Jungle Lore Birding Lodge, Pangot, Uttarakhand",29.423,79.426,2200,field recording,2011-03-03,Several calling in the early morning on the other side of Pangot. Hannu Jannes ID this as the less commonly heard call from this species not Rufous-throated Partridge.
Arborophila,torqueola,birds,Hill Partridge,India,"latpanchar, Darjeeling, West Bengal",26.9172,88.3898,1700,field recording,2020-03-05,Recorded in the montane forest of Latpanchar.
Arborophila,mandellii,birds,Chestnut-breasted Partridge,India,"Bompu Camp, Eaglenest, Arunachal Pradesh",27.066,92.4064,1900,field recording,2017-03-04,
Arborophila,mandellii,birds,Chestnut-breasted Partridge,India,"Bompu Camp, Eaglenest, Arunachal Pradesh",27.066,92.4064,1900,field recording,2017-03-04,
Arborophila,mandellii,birds,Chestnut-breasted Partridge,India,"Lama Camp, near Eaglenest WLS, Arunachal Pradesh",27.1567,92.4606,2400,field recording,2019-03-19,
Arborophila,mandellii,birds,Chestnut-breasted Partridge,India,"Eaglenest Wildlife Sanctuary, Arunachal Pradesh",27.1001,92.4001,1700,field recording,2011-04-21,
Arborophila,mandellii,birds,Chestnut-breasted Partridge,India,"Bompu, Arunachal Pradesh",27.11667,92.43333,?,field recording,2009-02-15,"Three birds at very close range, scratching through fallen leaves inside roadside vegetation. link:http://www.bluerobin.nl"
Arborophila,mandellii,birds,Chestnut-breasted Partridge,India,"Dibang Valley, Arunachal Pradesh",28.2278,95.8778,?,field recording,2006-03-17,
Arborophila,mandellii,birds,Chestnut-breasted Partridge,India,"Bompu Camp, Eaglenest, Arunachal Pradesh",27.066,92.4064,1900,field recording,2017-03-04,
Arborophila,mandellii,birds,Chestnut-breasted Partridge,India,"Eagle Nest, Lama camp area, Arrunachal Pradesh",27.1567,92.4606,,field recording,2018-03-29,ID based on comparison with other XC recordings.
Arborophila,mandellii,birds,Chestnut-breasted Partridge,India,"Eagle Nest, Lama camp area, Arrunachal Pradesh",27.1567,92.4606,,field recording,2018-03-29,ID based on comparison with other XC recordings.
Arborophila,mandellii,birds,Chestnut-breasted Partridge,India,"Eaglenest Wildlife Sanctuary, Arunachal Pradesh",27.1001,92.4001,1800,field recording,2011-04-21,
Arborophila,mandellii,birds,Chestnut-breasted Partridge,India,"Eaglenest Wildlife Sanctuary, Arunachal Pradesh",27.1001,92.4001,2200,field recording,2006-04-07,A single trilling upwardly inflected note repeated
Arborophila,mandellii,birds,Chestnut-breasted Partridge,India,"Mid Elevation, Mishmi Hills, Arunachal Pradesh",28.2407,95.8663,1800,field recording,2019-04-07,
Arborophila,mandellii,birds,Chestnut-breasted Partridge,India,"Yingkiong, Arunachal Pradesh",28.6333495,94.9747467,?,field recording,2006-03-17,unusual song variant
Arborophila,rufogularis,birds,Rufous-throated Partridge,India,"Eaglenest Wildlife Sanctuary, Arunachal Pradesh",27.1001,92.4001,1300,field recording,2011-04-19,
Arborophila,rufogularis,birds,Rufous-throated Partridge,India,"Khonoma Village, Nagaland",25.6501,94.0334,?,field recording,2005-12-25,
Arborophila,rufogularis,birds,Rufous-throated Partridge,India,"Benreu, Peren, Nagaland",25.5719,93.8576,1900,field recording,2018-11-07,It was just after sunset at 4.30 pm and spent 30 minutes listening to delightful sounds of Mountain Bamboo Partridges and Rufous-throated partridges.  Last birds to call were Blyth's Tragopan . There were calling from about 1500 ft above of us it seemed. But at least there were three or four birds.  Called for about 5 minutes. This is one of the cuts.
Arborophila,rufogularis,birds,Rufous-throated Partridge,India,"Eagle Nest, Sessni area and lower, Arrunachal Pradesh",27.0223,92.4139,,field recording,2018-04-02,
Arborophila,rufogularis,birds,Rufous-throated Partridge,India,"Eagle Nest, Sessni area and lower, Arrunachal Pradesh",27.0223,92.4139,,field recording,2018-04-02,
Arborophila,rufogularis,birds,Rufous-throated Partridge,India,"Eagle Nest, Sessni area and lower, Arrunachal Pradesh",27.0223,92.4139,,field recording,2018-04-02,
Arborophila,rufogularis,birds,Rufous-throated Partridge,India,pangot  uttarakhand,29.443,79.418,2200,field recording,2016-04-05,
Arborophila,rufogularis,birds,Rufous-throated Partridge,India,"Eaglenest Wildlife Sanctuary, Arunachal Pradesh",27.1001,92.4001,1800,field recording,2013-04-28,near Sessi. song and duet
Arborophila,rufogularis,birds,Rufous-throated Partridge,India,"Eaglenest Wildlife Sanctuary, Arunachal Pradesh",27.1001,92.4001,1300,field recording,2011-04-19,
Arborophila,rufogularis,birds,Rufous-throated Partridge,India,"Sessni Camp, Eaglenest, Arunachal Pradesh",27.047,92.419,1250,field recording,2017-03-04,
Arborophila,rufogularis,birds,Rufous-throated Partridge,India,"Sattal, Nainital, Uttarakhand",29.3524,79.5283,1300,field recording,2013-05-18,This birds are very close. Less than 7 feet. Total two individuals seen both are singing
Arborophila,rufogularis,birds,Rufous-throated Partridge,India,"Eaglenest Wildlife Sanctuary, Arunachal Pradesh",27.1001,92.4001,1300,field recording,2011-04-21,
Arborophila,rufogularis,birds,Rufous-throated Partridge,India,"Bompu, Arunachal Pradesh",27.11667,92.43333,?,field recording,2009-02-16,Singing from inside forest. link:http://www.bluerobin.nl
Arborophila,rufogularis,birds,Rufous-throated Partridge,India,"Yingkiong, Arunachal Pradesh",28.6333495,94.9747467,?,field recording,2006-03-22,
Arborophila,atrogularis,birds,White-cheeked Partridge,India,"Manas National Park, Assam",26.672638,91.004331,,field recording,2018-04-08,
Arborophila,atrogularis,birds,White-cheeked Partridge,India,"Digboi Oilfields, Assam",27.3806,95.6306,180,field recording,2013-04-05,There are certainly two different birds - presumably a pair - dueting on this track. Same birds as on  XC156568. The first few notes may be missing
Arborophila,atrogularis,birds,White-cheeked Partridge,India,"Digboi Oilfields, Assam",27.3806,95.6306,180,field recording,2013-04-05,There seem to be two different birds - presumably a pair - on this track but not confirmed by observation.
Arborophila,atrogularis,birds,White-cheeked Partridge,India,"Digboi Oilfields, Assam",27.3806,95.6306,180,field recording,2013-04-05,Full song followed by a few quiet calls
Arborophila,atrogularis,birds,White-cheeked Partridge,India,"Garbhanga Forest (near  Guwahati), Kamrup Metropolitan, Assam",26.0967,91.7036,100,unknown,2023-01-29,
Arborophila,atrogularis,birds,White-cheeked Partridge,India,"Manas National Park, Assam",26.672638,91.004331,,field recording,2018-04-08,
Arborophila,atrogularis,birds,White-cheeked Partridge,India,"Manas National Park,Baksa, Assam",26.6708,91.0019,60,field recording,2018-05-23,Dense undergrowth on the edge of main road. Clear sunny weather.
Arborophila,atrogularis,birds,White-cheeked Partridge,India,"Manas National Park,Baksa, Assam",26.6708,91.0019,60,field recording,2018-05-23,Dense undergrowth on the edge of main road. Clear sunny weather.
Arborophila,atrogularis,birds,White-cheeked Partridge,India,"Digboi Oilfields, Assam",27.3806,95.6306,180,field recording,2013-04-05,Various calls
Arborophila,atrogularis,birds,White-cheeked Partridge,India,Namdapha,27.6397,96.6248,3200,field recording,2003-01-15,
Arborophila,atrogularis,birds,White-cheeked Partridge,India,Namdapha,27.63974,96.624756,400,field recording,2011-10-00,
Arborophila,atrogularis,birds,White-cheeked Partridge,India,"Nameri National Park, Assam",26.9498,92.7053,?,field recording,2007-08-01,
Arborophila,atrogularis,birds,White-cheeked Partridge,India,"Manas National Park, Assam",26.672638,91.004331,,field recording,2018-04-08,Soft calls.
Arborophila,atrogularis,birds,White-cheeked Partridge,India,"Digboi, Tinsukia District, Assam",,,?,field recording,1998-01-02,bird singing
Lerwa,lerwa,birds,Snow Partridge,India,"Sela pass area, Arrunachal Pradesh",27.4928,92.1074,3800,field recording,2017-02-28,"8 birds together, a few of them calling."
Lerwa,lerwa,birds,Snow Partridge,India,"Sela pass area, Arrunachal Pradesh",27.492778,92.107358,,field recording,2018-04-04,
Lerwa,lerwa,birds,Snow Partridge,India,"Sela pass area, Arrunachal Pradesh",27.492778,92.107358,,field recording,2018-04-04,
Lerwa,lerwa,birds,Snow Partridge,India,"Sela pass area, Arrunachal Pradesh",27.4928,92.1074,3800,field recording,2017-02-28,"8 birds together, a few of them calling."
Lerwa,lerwa,birds,Snow Partridge,India,"Sela pass area, Arrunachal Pradesh",27.4928,92.1074,3800,field recording,2017-02-28,"8 birds together, a few of them calling."
Lerwa,lerwa,birds,Snow Partridge,India,"Sela pass area, Arrunachal Pradesh",27.492778,92.107358,,field recording,2018-04-04,
Lerwa,lerwa,birds,Snow Partridge,India,"Se La Pass, Tawang",27.503,92.104,4200,field recording,2010-12-16,
Lerwa,lerwa,birds,Snow Partridge,India,"Sela pass area, Arrunachal Pradesh",27.4928,92.1074,3800,field recording,2017-02-28,"8 birds together, a few of them calling.  Open slopes above tree line  at 3800m
"
Lerwa,lerwa,birds,Snow Partridge,India,"Tungnath, Chamoli, Uttarakhand",30.4897,79.223,3500,field recording,2013-05-24,"it's high attitude bird very camouflage  hardly to seen in summer . after 3:00 hour trek in low oxygen[4:00 k.m]
got it  this bird seen in 6 flock   "
Ithaginis,cruentus,birds,Blood Pheasant,India,"Sela pass area, Arrunachal Pradesh",27.4928,92.1074,4000,field recording,2019-04-25,
Ithaginis,cruentus,birds,Blood Pheasant,India,"Sela pass area, Arrunachal Pradesh",27.492778,92.107358,,field recording,2018-04-04,
Ithaginis,cruentus,birds,Blood Pheasant,India,"Sela pass area, Arrunachal Pradesh",27.492778,92.107358,,field recording,2018-04-04,
Ithaginis,cruentus,birds,Blood Pheasant,India,"Sela pass area, Arrunachal Pradesh",27.492778,92.107358,,field recording,2018-04-04,
Tragopan,melanocephalus,birds,Western Tragopan,India,"Shimla, Himachal Pradesh",31.4084,77.8393,2400,field recording,2016-05-05,
Tragopan,melanocephalus,birds,Western Tragopan,India,"Sarahan, Shimla, Himachal Pradesh",31.52,77.8,2200,field recording,2012-04-26,"Call recorded from a female at the conservation breeding center in Sarahan, Shimla, Himachal Pradesh"
Tragopan,melanocephalus,birds,Western Tragopan,India,"Sarahan, Shimla, Himachal Pradesh",31.52,77.8,2200,field recording,2012-05-02,"This call was recorded from a male Western tragopan at the conservation breeding center located in Sarahan, Shimla, Himachal Pradesh. This is a characteristic call given by the males only during the breeding season (April-May, or sometimes even June). "
Tragopan,satyra,birds,Satyr Tragopan,India,"Yingkiong, Arunachal Pradesh",28.6333495,94.9747467,2500,field recording,2006-03-25,
Tragopan,satyra,birds,Satyr Tragopan,India,"Near Gairibas, Singalila National Park, India.",27.0467,88.0423,2719,field recording,2011-03-29,Recorded during World Pheasant Association - India study trip on Status of Red-breasted Hill-Partridge. 
Tragopan,blythii,birds,Blyth's Tragopan,India,"Sundarview, Eaglenest Wildlife Sanctuary, Arunachal Pradesh, India",27.0757,92.407,2465,field recording,2016-01-05,Single male calling from 10 mts away. The skies were heavily overcast and it threatened to rain any moment. The bird was in the vicinity for a good 10 mins.
Tragopan,blythii,birds,Blyth's Tragopan,India,"Mishmi Hills, below  Muyudia hotel, 2000-2400m, Arunachal Pradesh",28.2311,95.8988,2400,field recording,2013-04-10,Calls of a male sitting on an open branch on the slope some 20m below me
Tragopan,blythii,birds,Blyth's Tragopan,India,"Eaglenest Wildlife Sanctuary, Arunachal Pradesh",27.1001,92.4001,2200,field recording,2012-04-25,Natural song - same bird as XC106122. Missed the first couple of notes
Tragopan,blythii,birds,Blyth's Tragopan,India,"Eaglenest Wildlife Sanctuary, Arunachal Pradesh",27.1001,92.4001,2320,field recording,2011-03-24,Response to playback. 
Tragopan,blythii,birds,Blyth's Tragopan,India,"Mayodia Pass, Arunachal Pradesh",28.2334,95.9167,2500,field recording,2006-03-18,
Tragopan,blythii,birds,Blyth's Tragopan,India,"Benreu, Peren, Nagaland",25.5719,93.8576,1900,field recording,2018-11-07,It was just after sunset at 4.30 pm and spent 30 minutes listening to delightful sounds of Mountain Bamboo Partridges and Rufous-throated partridges. It was serenest moment in my life. Last birds to call were Blyth's Tragopan . There were calling from about 1500 ft above of us it seemed. But at least there were three or four birds.  Called for about 5 minutes.
Tragopan,blythii,birds,Blyth's Tragopan,India,"Eagle Nest, Bompu camp area, Arrunachal Pradesh",27.11667,92.43333,,field recording,2018-04-01,
Tragopan,blythii,birds,Blyth's Tragopan,India,"Mishmi Hills, below  Muyudia hotel, 2000-2400m, Arunachal Pradesh",28.2311,95.8988,2400,field recording,2013-04-09,"The duck-like ""quacking"" is a bird calling in response to playback of the shorter call that is also heard on this track."
Tragopan,blythii,birds,Blyth's Tragopan,India,"Eaglenest Wildlife Sanctuary, Arunachal Pradesh",27.1001,92.4001,2200,field recording,2012-04-25,"Missed the first couple of quiet calls that preceded this series. Presumably a male - singing from upslope, possilbly in a tree."
Tragopan,blythii,birds,Blyth's Tragopan,India,Bompu Camp Eagles Nest at 1950 m,27.0663,92.4063,2000,field recording,2017-03-06,"One distant bird on forest slope above its roost in dense bamboo. above Bompu Camp
"
Tragopan,blythii,birds,Blyth's Tragopan,India,"Bompu Camp, Eaglenest, Arunachal Pradesh",27.066,92.4064,1900,field recording,2019-04-24,
Tragopan,blythii,birds,Blyth's Tragopan,India,"Benreu, Peren, Nagaland",25.5719,93.8576,1900,field recording,2018-11-07,It was just after sunset at 4.30 pm and spent 30 minutes listening to delightful sounds of Mountain Bamboo Partridges and Rufous-throated partridges.  Last birds to call were Blyth's Tragopan . There were calling from about 1500 ft above of us it seemed. But at least there were three or four birds.  Called for about 5 minutes. This is one of the cuts.
Tragopan,blythii,birds,Blyth's Tragopan,India,Bompu Camp Eagles Nest at 1950 m,27.0663,92.4063,2000,field recording,2017-03-06,"One distant bird on forest slope above its roost in dense bamboo. above Bompu Camp
"
Tragopan,temminckii,birds,Temminck's Tragopan,India,"Eaglenest Wildlife Sanctuary, Arunachal Pradesh",27.1001,92.4001,2700,field recording,2013-04-26,Very quiet calls of a tragopan throughout this track - distant and not very clear.
Lophophorus,impejanus,birds,Himalayan Monal,India,"Tungnath, Uttarakhand",30.4882,79.2169,,field recording,2019-04-21,"Calls from a distant male in a large clearing surrounded by mixed, grazed forest. Archived at the Macaulay Library as ML172621861"
Lophophorus,impejanus,birds,Himalayan Monal,India,"Sau Kharak, Uttarakhand",30.4789,79.2111,,field recording,2019-04-21,Calls from a female flushing at close range. Archived at the Macaulay Library as ML172624011
Lophophorus,impejanus,birds,Himalayan Monal,India,"Sau Kharak, Uttarakhand",30.4789,79.2111,,field recording,2019-04-21,"Calls from a distant, unseen male on a steep, cliffy slope covered in tall grass and short bushes. Archived at the Macaulay Library as ML172624021"
Lophophorus,impejanus,birds,Himalayan Monal,India,"NH 107A, Chamoli IN-Uttarakhand (30.4804,79.2012), Uttarakhand",30.4804,79.2012,,field recording,2019-07-14,Archived at the Macaulay Library as ML176206401
Lophophorus,impejanus,birds,Himalayan Monal,India,"NH 107A, Chamoli IN-Uttarakhand (30.4804,79.2012), Uttarakhand",30.4804,79.2012,,field recording,2019-07-14,Calls from two juveniles and a female on a steep slope. Archived at the Macaulay Library as ML176206451
Lophophorus,impejanus,birds,Himalayan Monal,India,"Bhulkan, Chamoli, Uttarakhand",30.4741,79.2183,2900,field recording,2018-04-10,
Lophophorus,impejanus,birds,Himalayan Monal,India,"Bhulkan, Chamoli, Uttarakhand",30.4741,79.2183,2900,field recording,2015-04-30,
Lophophorus,impejanus,birds,Himalayan Monal,India,"Sarahan, Shimla, Himachal Pradesh",31.52,77.8,2200,field recording,2013-01-20,
Lophophorus,impejanus,birds,Himalayan Monal,India,"Sarahan, Shimla, Himachal Pradesh",31.52,77.8,2200,field recording,2012-03-25,"Call from a captive bird in Shimla, Himachal Pradesh."
Lophophorus,impejanus,birds,Himalayan Monal,India,"Sarahan, Shimla, Himachal Pradesh",31.52,77.8,2200,field recording,2012-03-25,"Call from a captive bird in Shimla, Himachal Pradesh. "
Lophophorus,impejanus,birds,Himalayan Monal,India,"Sau Kharak, Uttarakhand",30.4789,79.2111,,field recording,2019-07-10,Archived at the Macaulay Library as ML173736931
Lophophorus,impejanus,birds,Himalayan Monal,India,"Chopta, Kedarnath NP, Uttarakhand",30.48,79.2,,field recording,2019-04-18,
Lophophorus,impejanus,birds,Himalayan Monal,India,"Chopta, Kedarnath NP, Uttarakhand",30.48,79.2,,field recording,2019-04-18,
Lophophorus,impejanus,birds,Himalayan Monal,India,"Chopta, Kedarnath NP, Uttarakhand",30.48,79.2,,field recording,2019-04-18,
Lophophorus,impejanus,birds,Himalayan Monal,India,"Chopta, Kedarnath NP, Uttarakhand",30.48,79.2,,field recording,2019-04-18,
Lophophorus,impejanus,birds,Himalayan Monal,India,"Chopta, Kedarnath NP, Uttarakhand",30.48,79.2,,field recording,2019-04-17,
Lophophorus,impejanus,birds,Himalayan Monal,India,"Khaliya Top, Munsiyari",,,2800,field recording,2018-04-04,
Lophophorus,impejanus,birds,Himalayan Monal,India,Chopta,,,2700,field recording,2016-04-08,
Lophophorus,impejanus,birds,Himalayan Monal,India,"Great Himalayan NP, Himachal Pradesh",31.6881,77.4837,3000,field recording,2003-04-04,
Lophophorus,impejanus,birds,Himalayan Monal,India,"Tungnath, Chamoli, Uttarakhand",30.4897,79.223,3500,field recording,2013-05-24,very beautiful bird 
Lophophorus,impejanus,birds,Himalayan Monal,India,"Chopta, Kedarnath NP, Uttarakhand",30.48,79.2,,field recording,2019-04-18,
Lophophorus,impejanus,birds,Himalayan Monal,India,"Sela pass area, Arrunachal Pradesh",27.4928,92.1074,4000,field recording,2019-04-25,Male calling with single notes from far below (a spot it flew off to)
Lophophorus,impejanus,birds,Himalayan Monal,India,"Bhulkan, Chamoli, Uttarakhand",30.4741,79.2183,2900,field recording,2018-04-10,
Lophophorus,impejanus,birds,Himalayan Monal,India,"Bhulkan, Chamoli, Uttarakhand",30.4741,79.2183,2900,field recording,2017-06-10,
Lophophorus,impejanus,birds,Himalayan Monal,India,"Sarahan, Shimla, Himachal Pradesh",31.52,77.8,2200,field recording,2012-06-14,"Call from a captive bird in Shimla, Himachal Pradesh. The calls in the background are of Kalij pheasant (Lophura leucomelanos hamiltoni)."
Lophophorus,impejanus,birds,Himalayan Monal,India,"Chordwari, Great Himalayan National park Himachal Pradesh",31.7282,77.4921,3800,field recording,2012-09-15,Himalayan Monal calling as it flew from top of a hill above 500 ft from us into a valley below. Call is looped so one can listen to it. On the way we saw some areas where the birds had been scratching. Co-ordinates are approximate. A female follwed a couple of minutes later.
Lophophorus,impejanus,birds,Himalayan Monal,India,"Munsyari, Pithoragarh, Uttarakhand",30.0767,80.2333,2550,field recording,2017-02-26,Bird heard in the background of the [Cheer Pheasant](http://www.xeno-canto.org/357105) also heard in the background is the [Himalayan Owl](http://www.xeno-canto.org/357106)
Lophophorus,impejanus,birds,Himalayan Monal,India,"Chopta, Kedarnath NP, Uttarakhand",30.48,79.2,,field recording,2019-04-18,Calls of a distant bird during a gliding display flight.
Lophophorus,sclateri,birds,Sclater's Monal,India,"Mishmi Hills nr Muyudia Pass, Arunachal Pradesh",28.241,95.9271,2600,field recording,2013-04-07,A female plumaged bird flying off down a long slope
Lophophorus,sclateri,birds,Sclater's Monal,India,"Mishmi Hills nr Muyudia Pass, Arunachal Pradesh",28.241,95.9271,2600,field recording,2013-04-07,A female plumaged bird at very close range (<20m) perched on a side branch of a large tree stump
Pucrasia,macrolopha,birds,Koklass Pheasant,India,"Rudraprayag (near  Gaundhar), Garhwal Division, Uttarakhand",30.6335,79.2106,3400,field recording,2023-04-20,
Pucrasia,macrolopha,birds,Koklass Pheasant,India,"Kanchula Kharak, Uttarakhand",30.4782,79.2106,,field recording,2019-04-21,"Songs from a male at dawn. While vocalizing it was sitting at mid-height in a tall pine tree on a steep slope, with a female perched nearby. Archived at the Macaulay Library as ML172623291"
Pucrasia,macrolopha,birds,Koklass Pheasant,India,"Chopta, Kedarnath NP, Uttarakhand",30.48,79.2,,field recording,2019-04-18,
Pucrasia,macrolopha,birds,Koklass Pheasant,India,"Chopta, Kedarnath NP, Uttarakhand",30.48,79.2,,field recording,2019-04-18,
Pucrasia,macrolopha,birds,Koklass Pheasant,India,"Bhulkan, Chamoli, Uttarakhand",30.4741,79.2183,2900,field recording,2018-04-10,
Pucrasia,macrolopha,birds,Koklass Pheasant,India,"Mud Hut, Chopta/Chamoli, Uttarakhand",30.4776,79.211,2900,field recording,2018-03-18,"At least five individuals, males presumably, calling from hillside forests around me.  Distance of closest bird probably 200 m or so.  Ssp inferred from location only."
Pucrasia,macrolopha,birds,Koklass Pheasant,India,"Kunjkhadak, Almora, Uttarakhand",29.5032,79.3197,2500,field recording,2016-04-08,
Pucrasia,macrolopha,birds,Koklass Pheasant,India,"Sarahan, Shimla, Himachal Pradesh",31.52,77.8,2200,field recording,2016-10-28,
Pucrasia,macrolopha,birds,Koklass Pheasant,India,pangot  uttarakhand,29.443,79.418,2200,field recording,2016-04-08,
Pucrasia,macrolopha,birds,Koklass Pheasant,India,"Shimla, Himachal Pradesh",31.1053,77.2399,2500,field recording,2015-04-30,
Pucrasia,macrolopha,birds,Koklass Pheasant,India,"Dogalbhita, Chamoli, Uttarakhand",30.491,79.1984,2700,field recording,2015-05-06,
Pucrasia,macrolopha,birds,Koklass Pheasant,India,"Pangoot, Nainital, Uttarakhand",29.4154,79.4456,2400,field recording,2013-10-20,
Pucrasia,macrolopha,birds,Koklass Pheasant,India,vinayak near pangot uttrakand,29.485,79.354,2300,field recording,2012-11-28,
Pucrasia,macrolopha,birds,Koklass Pheasant,India,"Tilam Top, Walong, Arunachal Pradesh",28.17,97.021,1800,field recording,2019-11-17,
Pucrasia,macrolopha,birds,Koklass Pheasant,India,"NW of Pangot, Uttarakhand",29.46,79.38,,field recording,2019-04-13,
Pucrasia,macrolopha,birds,Koklass Pheasant,India,"NW of Pangot, Uttarakhand",29.46,79.38,,field recording,2019-04-13,
Pucrasia,macrolopha,birds,Koklass Pheasant,India,"Sarahan, Shimla, Himachal Pradesh",31.52,77.8,2200,field recording,2013-01-09,
Pucrasia,macrolopha,birds,Koklass Pheasant,India,vinayak near pangot uttrakand,29.485,79.354,2300,field recording,2012-11-24,
Pucrasia,macrolopha,birds,Koklass Pheasant,India,"NW of Pangot, Uttarakhand",29.46,79.38,,field recording,2019-04-13,
Pucrasia,macrolopha,birds,Koklass Pheasant,India,"Dandachalli, Tehri Garhwal, Uttarakhand",30.3005,78.4223,2000,field recording,2017-10-12,"Bird was 100m+ distant. Recording was amplified, but otherwise unmodified.
Bird was calling from Deodar (Cedrus deodara) and Banj Oak (Quercus leucotrichophora)- Mixed forest.
Clear and cool dawn. 12-15 degrees C."
Pucrasia,macrolopha,birds,Koklass Pheasant,India,"Great Himalayan NP, Himachal Pradesh",31.6881,77.4837,3000,field recording,2003-04-04,34 monals in the ara
Pucrasia,macrolopha,birds,Koklass Pheasant,India,"Chordwari, Great Himalayan National park Himachal Pradesh",31.7282,77.4921,3800,field recording,2012-09-12,Early morning there were at least four males in the surrounding region answering each other. After about 10 minutes they all stopped. It was a foggy morning. Never heard their call after that. 
Pucrasia,macrolopha,birds,Koklass Pheasant,India,"Cheer Pheasant overlook, Pangot, Uttarakhand",29.4673,79.3889,2700,field recording,2011-03-02,This call came from a female that was flushed and flew down hill from us.
Pucrasia,macrolopha,birds,Koklass Pheasant,India,"Cheer Pheasant overlook, Pangot, Uttarakhand",29.4673,79.3889,2700,field recording,2011-03-02,This one call came from a male after gliding down the ridge in front of us and scurrying away. img:http://www.surfbirds.com/media/gallery_photos/20110413050557.jpg
Catreus,wallichii,birds,Cheer Pheasant,India,Hanumangarhi Nainital Uttarakhand,29.3654,79.4589,1900,field recording,2020-04-19,
Catreus,wallichii,birds,Cheer Pheasant,India,"Sarahan, Shimla, Himachal Pradesh",31.52,77.8,2200,field recording,2013-06-06,
Catreus,wallichii,birds,Cheer Pheasant,India,"Patli, Almora, Uttarakhand",29.4612,79.3968,2100,field recording,2013-05-16,very very camouflage 1 pair seen  on grassy rocky hillsides area  
Catreus,wallichii,birds,Cheer Pheasant,India,vinayak near pangot uttrakhand,29.465,79.394,2300,field recording,2013-05-16,at 7.30 pm sun has set but sky is not dark. cheer phesant  can not seen.  The call was recorded with Mukesh Bhai and Vir  Joshi from Gujrat.  this is the first call recorded in wild. earlier call was recorded in Nainital Zoo.
Catreus,wallichii,birds,Cheer Pheasant,India,"Dotiyal (near  Jorasi Range), Kumaon Division, Uttarakhand",29.7586,79.1672,1900,field recording,2022-11-29,Original .m4a converted to .mp3
Catreus,wallichii,birds,Cheer Pheasant,India,"NW of Pangot, Uttarakhand",29.46,79.38,,field recording,2019-04-13,"Soft cackling of a male bird, with female bird in immediate vicinity."
Catreus,wallichii,birds,Cheer Pheasant,India,Nainital Zoo ,29.4253,79.5106,1400,field recording,2013-02-11,Call was recorded in Nainital Zoo.
Catreus,wallichii,birds,Cheer Pheasant,India,Nainital Zoo ,29.4253,79.5106,1400,field recording,2013-02-07,
Catreus,wallichii,birds,Cheer Pheasant,India,"NW of Pangot, Uttarakhand",29.46,79.38,,field recording,2019-04-13,Soft clucks.
Catreus,wallichii,birds,Cheer Pheasant,India,"Munsyari, Pithoragarh, Uttarakhand",30.0767,80.2333,2550,field recording,2017-02-26,
Lophura,leucomelanos,birds,Kalij Pheasant,India,"Lachen, North Sikkim, Sikkim",27.7309,88.5472,2800,field recording,2022-10-08,
Lophura,leucomelanos,birds,Kalij Pheasant,India,"Hatimara, Behali reserved forest, Assam",26.8795,93.3243,120,field recording,2020-09-26,A flock of 4-5 birds were present in a dense undergrowth near a forest stream. The call was recorded from around 10-12 feet using a smartphone. Later a female followed by a male flushed towards the woodland. 
Lophura,leucomelanos,birds,Kalij Pheasant,India,"Sarahan, Shimla, Himachal Pradesh",31.52,77.8,2200,field recording,2013-01-06,
Lophura,leucomelanos,birds,Kalij Pheasant,India,"Sarahan, Shimla, Himachal Pradesh",31.52,77.8,2200,field recording,2013-01-06,
Lophura,leucomelanos,birds,Kalij Pheasant,India,"Sarahan, Shimla, Himachal Pradesh",31.52,77.8,2200,field recording,2012-12-15,
Lophura,leucomelanos,birds,Kalij Pheasant,India,"Sarahan, Shimla, Himachal Pradesh",31.52,77.8,2200,field recording,2012-12-15,
Lophura,leucomelanos,birds,Kalij Pheasant,India,"Lava, Darjeeling, West Bengal",27,88.7001,?,field recording,2001-04-06,
Lophura,leucomelanos,birds,Kalij Pheasant,India,"Corbett NP, Uttaranchal",29.5334,78.9334,,field recording,2019-04-09,Soft calls.
Lophura,leucomelanos,birds,Kalij Pheasant,India,"Eagle Nest, Bompu camp area, Arrunachal Pradesh",27.11667,92.43333,,field recording,2018-04-01,
Lophura,leucomelanos,birds,Kalij Pheasant,India,"Munsyari, Pithoragarh, Uttarakhand",30.0767,80.2333,2200,field recording,2017-02-22,"No significant modification.
Using audacity the  section was extracted from a 35 minute recording.
The section was also amplified but 8 db.
The recording device was left on a rock near where the birds come to forage. A single male appeared - two other birds were seen in the background.
There is a single call of another bird - Long-billed Thrush in the background, this has also been uploaded  in [Long-billed Thrush  Zoothera monticola](http://www.xeno-canto.org/356677)"
Lophura,leucomelanos,birds,Kalij Pheasant,India,"Sattal, Nainital, Uttarakhand",29.3528,79.5283,1300,field recording,2013-05-20,male seen 
Lophura,leucomelanos,birds,Kalij Pheasant,India,"Sarahan, Shimla, Himachal Pradesh",31.52,77.8,2200,field recording,2013-01-07,
Pavo,cristatus,birds,Indian Peafowl,India,"Punit Van, Gandhinagar, Gujarat",23.2175,72.6672,70,field recording,2022-05-15,
Pavo,cristatus,birds,Indian Peafowl,India,"Ettikulam, Kannur, Kerala",12.0101,75.2003,0,field recording,2021-09-29,https://ebird.org/checklist/S95339620
Pavo,cristatus,birds,Indian Peafowl,India,"Ettikulam, Kannur, Kerala",12.0101,75.2003,0,field recording,2021-09-29,https://ebird.org/checklist/S95339620
Pavo,cristatus,birds,Indian Peafowl,India,"Ranthambhore Fort, Sawai Madhopur, Rajasthan",26.0246,76.4543,380,field recording,1989-05-08,"Open forest behind Joghi Mahal near edges of Padam Talao
"
Pavo,cristatus,birds,Indian Peafowl,India,"Peringassery, Theni, Tamil Nadu",10.0399,77.3185,380,field recording,2021-04-10,See details here <https://ebird.org/checklist/S85205402>
Pavo,cristatus,birds,Indian Peafowl,India,"Peringassery, Theni, Tamil Nadu",10.04,77.3184,380,field recording,2021-04-10,A bird calling<https://ebird.org/checklist/S85205402>
Pavo,cristatus,birds,Indian Peafowl,India,"Peringassery, Theni, Tamil Nadu",10.04,77.3184,380,field recording,2021-04-10,A bird calling<https://ebird.org/checklist/S85205402>
Pavo,cristatus,birds,Indian Peafowl,India,"Pench NP, Madhya Pradesh",21.7177,79.3275,460,field recording,2011-05-25,
Pavo,cristatus,birds,Indian Peafowl,India,"Hyderabad, Hyderabad, Telangana",17.4054,78.5317,500,field recording,2020-02-28,"Open forest, scrub."
Pavo,cristatus,birds,Indian Peafowl,India,"ICRISAT, Telangana",17.4855,78.2678,550,field recording,2019-07-17,
Pavo,cristatus,birds,Indian Peafowl,India,"Namakkal, Tamil Nadu",11.1633,78.158,200,field recording,2017-05-13,An adult male in a group calling out
Pavo,cristatus,birds,Indian Peafowl,India,"Bardez (near  Donwaddo, Salvador Do Mundo, Bardez), North Goa, Goa",15.5238,73.8517,0,field recording,2016-11-16,
Pavo,cristatus,birds,Indian Peafowl,India,"Cotarli,Sanguem, South Goa, Goa",15.2087,74.1258,20,field recording,2014-08-15,
Pavo,cristatus,birds,Indian Peafowl,India,"Kanha National Park, Balaghat, Madhya Pradesh",22.2983,80.5883,650,field recording,2009-05-29,
Pavo,cristatus,birds,Indian Peafowl,India,"Siyana, Jalore, Rajasthan",25.135,72.6766,180,field recording,2014-01-13,"Calling from a roost, pre dawn, probably in a large tree nearby"
Pavo,cristatus,birds,Indian Peafowl,India,"Aldona, North Goa, Goa",15.5886,73.8765,0,field recording,2012-09-20,
Pavo,cristatus,birds,Indian Peafowl,India,"Aldona, North Goa, Goa",15.5886,73.8765,0,field recording,2012-05-05,The peafowl was perched on a tree.
Pavo,cristatus,birds,Indian Peafowl,India,"Nannaj, Maharashtra",18.5937,75.3052,550,field recording,2012-09-16,
Pavo,cristatus,birds,Indian Peafowl,India,"K.S. Palace, Sanik Farm, New Delhi, Delhi",28.5057,77.2202,240,field recording,2012-11-03,Hotel owner said to go up on the roof at 4:00am and like clockwork these guys began singing all round us. By 4:15am they had all stopped. This song also freaks my cats out! 
Pavo,cristatus,birds,Indian Peafowl,India,"Itangihal, Bijapur, Karnataka",16.8684,75.6917,550,field recording,2021-07-30,
Pavo,cristatus,birds,Indian Peafowl,India,"Pench Tiger Reserve, Madya Pradesh",21.6536,79.3501,440,field recording,2007-03-02,Late afternoon drive through forests of Pench Tiger Reserve. Recorded with Sony Minidisc recorder MZ-R700; fed via iMic to Mac G4 set for aiff format; normalized; later converted to mp3.
Pavo,cristatus,birds,Indian Peafowl,India,"Hanchinal, Bijapur, Karnataka",16.866,75.7371,550,field recording,2019-12-27,
Pavo,cristatus,birds,Indian Peafowl,India,"Corbett NP, Uttaranchal",29.5334,78.9334,600,field recording,1974-04-00,
Pavo,cristatus,birds,Indian Peafowl,India,"Corbett NP, Uttaranchal",29.5334,78.9334,600,field recording,1974-04-00,
Pavo,cristatus,birds,Indian Peafowl,India,"Corbett NP, Uttaranchal",29.5334,78.9334,600,field recording,1974-04-00,
Pavo,cristatus,birds,Indian Peafowl,India,"Keoladeo National Park, Bharatpur, Rajasthan",27.1593,77.5232,,field recording,2019-04-06,
Pavo,cristatus,birds,Indian Peafowl,India,"Bardez (near  Penha de Frana), North Goa, Goa",15.5334,73.8286,40,field recording,2019-01-28,There's a dog barking in the background as this sound was probably unfamiliar to him. These calls are heard everyday from a group of 3-4 peafowls with 1 or 2 peahens regularly foraging in the dense vegetation in the area.
Pavo,cristatus,birds,Indian Peafowl,India,"Manipal, Udupi, Karnataka",13.347,74.788,100,field recording,2018-07-21,
Pavo,cristatus,birds,Indian Peafowl,India,"Coimbatore, Coimbatore, Tamil Nadu",11.0477,76.8642,550,field recording,2018-02-20,
Pavo,cristatus,birds,Indian Peafowl,India,"Mysore-Ooty Rooad, The Nilgiris County, Tamil Nadu",11.5515,76.6501,,field recording,2017-04-19,
Pavo,cristatus,birds,Indian Peafowl,India,"Mysore-Ooty Rooad, The Nilgiris County, Tamil Nadu",11.5515,76.6501,,field recording,2017-04-19,
Pavo,cristatus,birds,Indian Peafowl,India,"Supkhar reserve forest, Balaghat, Madhya Pradesh",22.1991,80.9449,750,field recording,2015-02-25,
Pavo,cristatus,birds,Indian Peafowl,India,"Bardez (near  Calangute), North Goa, Goa",15.5442,73.7733,10,field recording,2014-11-13,
Pavo,cristatus,birds,Indian Peafowl,India,"Paikul Village, Melauli, Goa",15.4641,74.1303,100,field recording,2010-05-07,
Pavo,cristatus,birds,Indian Peafowl,India,mt.abu,24.621,72.762,1500,field recording,2012-05-29,
Pavo,cristatus,birds,Indian Peafowl,India,"Jawaharlal Nehru University, New Delhi",28.5467,77.1712,330,field recording,2008-03-14,This recording has two peafowls perched on a same tree calling simultaneously.
Pavo,cristatus,birds,Indian Peafowl,India,"Booluvampatti, Coimbatore, Tamil Nadu",10.9833,76.7341,480,field recording,2017-08-27,"Usually, I hear this call whenever I visit any woody area in Coimbatore"
Pavo,cristatus,birds,Indian Peafowl,India,"Bardez (near  Calangute), North Goa, Goa",15.5442,73.7733,10,field recording,2014-11-16,
Pavo,cristatus,birds,Indian Peafowl,India,"Bardez (near  Calangute), North Goa, Goa",15.5442,73.7733,10,field recording,2014-11-11,
Pavo,cristatus,birds,Indian Peafowl,India,"Pilerne, Goa",15.5334,73.8167,50,field recording,2010-05-12,Courtship
Pavo,cristatus,birds,Indian Peafowl,India,"The Estate, Sultanpur, Delhi",28.494,77.159,200,field recording,2011-03-13,Quite often heard early in the morning
Pavo,cristatus,birds,Indian Peafowl,India,"Pookkadai Corner Bus Stop (near  Dharapuram), Tiruppur, Tamil Nadu",10.7369,77.5258,260,field recording,2022-08-09,
Pavo,cristatus,birds,Indian Peafowl,India,"Payyavoor, Kannur, Kerala",12.0579,75.5804,50,field recording,2022-09-03,
Galloperdix,spadicea,birds,Red Spurfowl,India,"Tirupati, Chittoor, Andhra Pradesh",13.6541,79.4558,140,field recording,2020-04-01,Calling from the trench at Bhupal housing colony/Sechachalam reserve forest.
Galloperdix,spadicea,birds,Red Spurfowl,India,Thalapuzha Poyil,11.8486,75.9394,750,field recording,2023-01-15,From the undergrowth
Galloperdix,spadicea,birds,Red Spurfowl,India,"Kodassery, Thrissur, Kerala",10.3406,76.3467,30,field recording,2021-08-15,Heard this call from a bush and the bird flew away.
Galloperdix,spadicea,birds,Red Spurfowl,India,"Bengaluru, Bangalore Urban, Karnataka",12.7627,77.5984,850,field recording,2021-04-01,Normalized the recording to -3db
Galloperdix,spadicea,birds,Red Spurfowl,India,"Nr Munnar (not exact location) Kannan Devan Hills, Idukki, Kerala",10.0965,77.0582,1500,field recording,2016-02-04,
Galloperdix,spadicea,birds,Red Spurfowl,India,"Melghat Tiger Reserve, Maharashtra",21.5834,77.3334,650,field recording,2016-01-29,
Galloperdix,spadicea,birds,Red Spurfowl,India,"Mumbai, Mumbai Suburban, Maharashtra",19.2032,72.9198,140,field recording,2016-04-15,Three Chicks Calling &  Adult responding inbetween
Galloperdix,spadicea,birds,Red Spurfowl,India,"Pale-Velsao,Goa",15.3622,73.8918,10,field recording,2015-01-08,
Galloperdix,spadicea,birds,Red Spurfowl,India,Mangalore,,,22,field recording,2021-02-22,
Galloperdix,spadicea,birds,Red Spurfowl,India,"Melghat Tiger Reserve, Maharashtra",21.5834,77.3334,650,field recording,2016-01-29,Same bird as  XC409700
Galloperdix,spadicea,birds,Red Spurfowl,India,"Thekkady--Bamboo Grooves, Kumily Thekkady Road, Idukki County, Kerala",9.6031376,77.1668688,,field recording,2017-04-12,Soft calls
Galloperdix,spadicea,birds,Red Spurfowl,India,"Idamalayer Dam Road, Idukki County, Kerala",10.1962539,76.698035,,field recording,2017-04-10,
Galloperdix,spadicea,birds,Red Spurfowl,India,"Chikballapur, Karnataka",13.3614,77.6721,1100,field recording,2017-02-18,
Galloperdix,spadicea,birds,Red Spurfowl,India,"Chaukul, Sindhudurg, Maharashtra",15.8657,74.0592,800,field recording,2016-06-19,
Galloperdix,spadicea,birds,Red Spurfowl,India,"Aldona, North Goa, Goa",15.5886,73.8765,0,field recording,2012-10-18,
Galloperdix,spadicea,birds,Red Spurfowl,India,"Aldona, North Goa, Goa",15.5886,73.8765,0,field recording,2012-10-21,
Galloperdix,spadicea,birds,Red Spurfowl,India,"Aldona, North Goa, Goa",15.5886,73.8765,0,field recording,2012-10-21,
Galloperdix,spadicea,birds,Red Spurfowl,India,mt. abu,24.619,72.762,1500,field recording,2012-05-29,
Galloperdix,spadicea,birds,Red Spurfowl,India,"Nagarhole National Park, Karnataka",12.050317,76.130705,?,field recording,2002-11-28,
Galloperdix,spadicea,birds,Red Spurfowl,India,"Payyavoor, Kannur, Kerala",12.0579,75.5804,50,field recording,2022-11-11,
Galloperdix,spadicea,birds,Red Spurfowl,India,"Bardez (near  Penha de Frana), North Goa, Goa",15.5334,73.8286,40,field recording,2018-12-18,
Galloperdix,spadicea,birds,Red Spurfowl,India,"Nilambur, Malappuram, Kerala",11.2759,76.2188,30,field recording,2016-01-09,
Galloperdix,spadicea,birds,Red Spurfowl,India,"Melghat Tiger Reserve, Maharashtra",21.5834,77.3334,650,field recording,2016-01-29,
Galloperdix,spadicea,birds,Red Spurfowl,India,"Panhala, Kolhapur, Maharashtra",16.8148,74.1111,950,field recording,2017-11-25,
Galloperdix,spadicea,birds,Red Spurfowl,India,"Idamalayer Dam Road, Idukki County, Kerala",10.1962539,76.698035,,field recording,2017-04-10,Soft contact calls
Galloperdix,spadicea,birds,Red Spurfowl,India,"Nilambur, Malappuram, Kerala",11.2759,76.2188,30,field recording,2015-12-10,
Galloperdix,spadicea,birds,Red Spurfowl,India,"Aralam WLS, Kannur, Kerala",11.9676,75.772,70,field recording,2015-03-14,
Galloperdix,spadicea,birds,Red Spurfowl,India,"Parambikulam Tiger Reserve, Palakkad, Kerala",10.4084,76.7191,500,field recording,2015-01-26,
Galloperdix,spadicea,birds,Red Spurfowl,India,"Pale-Velsao,Goa",15.3622,73.8918,10,field recording,2014-12-10,
Galloperdix,spadicea,birds,Red Spurfowl,India,Wynaad,11.805,75.859,1000,field recording,2012-02-18,
Galloperdix,lunulata,birds,Painted Spurfowl,India,"Tirupati, Chittoor, Andhra Pradesh",13.6541,79.4558,140,field recording,2020-04-01,Calling from the trench at Bhupal housing colony/Sechachalam reserve forest.
Galloperdix,lunulata,birds,Painted Spurfowl,India,"Tirupati, Chittoor, Andhra Pradesh",13.6547,79.4562,140,field recording,2020-02-03,
Galloperdix,lunulata,birds,Painted Spurfowl,India,"Bengaluru, Bangalore Urban, Karnataka",12.7627,77.5984,850,field recording,2021-03-29,"amplified the recording to enhance the audibility and noise reduction done. '
Bird was seen in the ideal habitat calling around 5:58am."
Galloperdix,lunulata,birds,Painted Spurfowl,India,"Balaji Enclave (near  Tirupati), Chittoor, Andhra Pradesh",13.6518,79.4163,180,field recording,2017-08-19,there family of spurfowl foraging around rocky patch 1 immature bird left behind start calling
Polyplectron,bicalcaratum,birds,Grey Peacock-Pheasant,India,Below Bompu Camp Eagles Nest at 1600 m,27.1001,92.4001,1600,field recording,2015-04-03,"Quite vocal towards dusk from the track between Bompu and Sessni (closer to latter). This bird not seen, but a female nearby on the track next morning was!"
Polyplectron,bicalcaratum,birds,Grey Peacock-Pheasant,India,"Eagle Nest, Sessni area and lower, Arrunachal Pradesh",27.0223,92.4139,,field recording,2018-04-02,
Polyplectron,bicalcaratum,birds,Grey Peacock-Pheasant,India,"Eagle Nest, Sessni area and lower, Arrunachal Pradesh",27.0223,92.4139,,field recording,2018-04-02,
Polyplectron,bicalcaratum,birds,Grey Peacock-Pheasant,India,Eaglenest below Bompu Camp,27.0223,92.4139,1000,field recording,2013-04-28,
Polyplectron,bicalcaratum,birds,Grey Peacock-Pheasant,India,"Eaglenest Wildlife Sanctuary, Arunachal Pradesh",27.1001,92.4001,1300,field recording,2011-04-19,
Polyplectron,bicalcaratum,birds,Grey Peacock-Pheasant,India,"Eaglenest Wildlife Sanctuary, Arunachal Pradesh",27.1001,92.4001,1300,field recording,2011-04-19,
Polyplectron,bicalcaratum,birds,Grey Peacock-Pheasant,India,"Eaglenest Wildlife Sanctuary, Arunachal Pradesh",27.1001,92.4001,1300,field recording,2011-04-19,
Polyplectron,bicalcaratum,birds,Grey Peacock-Pheasant,India,"Sessni Camp, Eaglenest, Arunachal Pradesh",27.047,92.419,1200,field recording,2017-03-04,"Open slope with dense vegetation 
"
Polyplectron,bicalcaratum,birds,Grey Peacock-Pheasant,India,"Sessni Camp, Eaglenest, Arunachal Pradesh",27.047,92.419,1250,field recording,2017-03-04,On open slope with dense vegetation.
Polyplectron,bicalcaratum,birds,Grey Peacock-Pheasant,India,"Lama Camp, near Eaglenest WLS, Arunachal Pradesh",27.1567,92.4606,2400,field recording,2019-04-22,Bird flushed and then calling with single notes from a bush. Possibly chicks nearby?
Polyplectron,bicalcaratum,birds,Grey Peacock-Pheasant,India,"Miao, Changlang District, Arunachal Pradesh",27.4856,96.2153,320,field recording,1998-01-02,bird calling in forest. Originally identified as Blue-bearded Bee-eater calls but Mike Nelosn has pointed out the similarity of this cut to Grey Peacock Pheasant (which was also present in the area)
Bambusicola,fytchii,birds,Mountain Bamboo Partridge,India,"Khonoma, Nagaland",25.6152,94.0014,2600,field recording,2019-02-17,
Bambusicola,fytchii,birds,Mountain Bamboo Partridge,India,"Benreu, Peren, Nagaland",25.5719,93.8576,1900,field recording,2018-11-07,It was just after sunset at 4.30 pm and spent 30 minutes listening to delightful sounds of Mountain Bamboo Partridges and Rufous-throated partridges. It was serenest moment in my life. 
Bambusicola,fytchii,birds,Mountain Bamboo Partridge,India,"Tsundang village, Kiphire, Nagaland",25.8488,94.9617,2500,field recording,2015-05-11,
Bambusicola,fytchii,birds,Mountain Bamboo Partridge,India,"Khonoma Village, Nagaland",25.6501,94.0334,1750,field recording,2015-01-06,Flock of 3.
Bambusicola,fytchii,birds,Mountain Bamboo Partridge,India,"Kohima, Nagaland",25.6389,93.9891,2100,field recording,2018-11-04,
Gallus,gallus,birds,Red Junglefowl,India,Rishikesh canal road,30.0568,78.2896,,field recording,2019-04-20,
Gallus,gallus,birds,Red Junglefowl,India,"Corbett NP, Uttaranchal",29.5334,78.9334,,field recording,2019-04-10,
Gallus,gallus,birds,Red Junglefowl,India,"Corbett NP, Uttaranchal",29.5334,78.9334,,field recording,2019-04-09,
Gallus,gallus,birds,Red Junglefowl,India,"River side, Nameri National Park, Assam",26.935667,92.843335,,field recording,2018-04-07,Female with chicks.
Gallus,gallus,birds,Red Junglefowl,India,"River side, Nameri National Park, Assam",26.935667,92.843335,,field recording,2018-04-07,Female with chicks.
Gallus,gallus,birds,Red Junglefowl,India,"Renuka Ji, Sirmaur, Himachal Pradesh",30.6072,77.4615,700,field recording,2016-10-20,
Gallus,gallus,birds,Red Junglefowl,India,"Renuka Ji, Sirmaur, Himachal Pradesh",30.6072,77.4615,700,field recording,2016-10-20,
Gallus,gallus,birds,Red Junglefowl,India,"Kanha National Park, Balaghat, Madhya Pradesh",22.2983,80.5883,650,field recording,2009-05-30,
Gallus,gallus,birds,Red Junglefowl,India,"Kanha National Park, Balaghat, Madhya Pradesh",22.2983,80.5883,650,field recording,2009-05-29,
Gallus,gallus,birds,Red Junglefowl,India,"Dehradun, Dehradun, Uttarakhand",30.2845,77.9743,600,field recording,2013-03-05,
Gallus,gallus,birds,Red Junglefowl,India,"Kaziranga National Park, Assam",26.6667,93.3501,90,field recording,2012-11-24,Unseen bird in thick cover next to the jeep track on the way out. 
Gallus,gallus,birds,Red Junglefowl,India,jim corbett national park,29.529,78.775,?,field recording,2012-05-16,2 adult male fighting 
Gallus,gallus,birds,Red Junglefowl,India,"Nagpur (near  Totaladoh), Nagpur Division, Maharashtra",21.6495,79.2451,500,field recording,2022-12-03,
Gallus,gallus,birds,Red Junglefowl,India,"Corbett NP, Uttaranchal",29.5334,78.9334,600,field recording,1974-04-00,
Gallus,gallus,birds,Red Junglefowl,India,"Corbett NP, Uttaranchal",29.5334,78.9334,600,field recording,1974-04-00,
Gallus,gallus,birds,Red Junglefowl,India,"Dehradun, Dehradun, Uttarakhand",30.2824,77.974,600,field recording,2019-04-14,A cock calling from behind the thickets
Gallus,gallus,birds,Red Junglefowl,India,Rishikesh canal road,30.0568,78.2896,,field recording,2019-04-20,
Gallus,gallus,birds,Red Junglefowl,India,Corbett park,,,500,field recording,2016-06-12,
Gallus,gallus,birds,Red Junglefowl,India,"Upper Tendu Forest M, Jalpaiguri, West Bengal",26.8726,88.8701,180,field recording,2018-05-05,Recorded from the first floor balcony of forest rest house in Chapramari Wildlife Sanctuary
Gallus,gallus,birds,Red Junglefowl,India,"Bazarghat F.V., Karimganj, Assam",24.4739,92.2877,50,field recording,2015-03-08,
Gallus,gallus,birds,Red Junglefowl,India,"Mishmi Hills, nr Tawarigaon (1), Arunachal Pradesh",28.2073,95.8086,800,field recording,2013-04-13,
Gallus,gallus,birds,Red Junglefowl,India,"Nameri National Park, Assam",26.9498,92.7053,?,field recording,2007-03-29,
Gallus,gallus,birds,Red Junglefowl,India,"Corbett NP, Uttaranchal",29.5334,78.9334,,field recording,2019-04-09,
Gallus,gallus,birds,Red Junglefowl,India,"Karwapani-Asarori Fireline, Dehradun, Uttarakhand",30.2805,77.9608,600,field recording,2019-04-14,"Alarm/distress call of a female.
Recorded with Tascam and Sennheiser ME 67. The ebird list can be accessed here <https://ebird.org/view/checklist/S54932039>"
Gallus,sonneratii,birds,Grey Junglefowl,India,"Bengaluru, Bangalore Urban, Karnataka",12.8507,77.5063,800,field recording,2019-02-20,The call is in the second half of the clip. This kept repeating every 30 seconds or so. The bird kept calling for more than 30 mins.
Gallus,sonneratii,birds,Grey Junglefowl,India,"Palakkad (near  Nooradi), Kerala",10.5215,76.6724,950,field recording,2022-12-04,The bird was giving these faint calls while foraging in the ground. It was not more than 20 metres away from the car. Windy atmosphere.
Gallus,sonneratii,birds,Grey Junglefowl,India,"Aravenu, Nilgiris, Tamil Nadu",11.4136,76.8731,1800,field recording,2022-05-01,
Gallus,sonneratii,birds,Grey Junglefowl,India,"Peringassery, Theni, Tamil Nadu",10.0448,77.307,440,field recording,2021-04-11,The call of a bird from  the plains below <https://ebird.org/checklist/S85285491>
Gallus,sonneratii,birds,Grey Junglefowl,India,"Peringassery, Theni, Tamil Nadu",10.0448,77.307,440,field recording,2021-04-11,The call of a bird from  the plains below <https://ebird.org/checklist/S85285491>
Gallus,sonneratii,birds,Grey Junglefowl,India,"Peringassery, Theni, Tamil Nadu",10.0448,77.307,440,field recording,2021-04-11,The call of two birds from different regions of the plains below <https://ebird.org/checklist/S85285491>
Gallus,sonneratii,birds,Grey Junglefowl,India,"Varadhamanathi dam, Palani, Tamil Nadu",10.3862,77.547,360,field recording,2021-01-24,"Recorded at Varadhamanathi dam, located in the lower elevation of The Palani Hills, Western Ghats."
Gallus,sonneratii,birds,Grey Junglefowl,India,"Periyar National Park, Kerala ",9.5087,77.1982,870,field recording,1998-12-18,"One male on forest floor along entrance road to the park, Thekkadi."
Gallus,sonneratii,birds,Grey Junglefowl,India,"Mudumalai Wildlife Sanctuary & National Park, Tamil Nadu",11.5306,76.6418,1100,field recording,1998-12-04,"One in dense bamboo stands, close to fence of Jungle Hut."
Gallus,sonneratii,birds,Grey Junglefowl,India,"Mudumalai Wildlife Sanctuary & National Park, Tamil Nadu",11.5306,76.6418,1100,field recording,1998-12-04,"One in dense bamboo stands, close to fence of Jungle Hut."
Gallus,sonneratii,birds,Grey Junglefowl,India,"Kumbharoshi, Pratapgad",17.9306,73.5988,750,field recording,2011-03-18,
Gallus,sonneratii,birds,Grey Junglefowl,India,"Tamhini, Pune",18.446,73.4266,600,field recording,2011-04-09,
Gallus,sonneratii,birds,Grey Junglefowl,India,"Tamhini, Pune",18.446,73.4266,600,field recording,2011-04-09,
Gallus,sonneratii,birds,Grey Junglefowl,India,"Tamhini, Pune",18.446,73.4266,600,field recording,2011-04-09,
Gallus,sonneratii,birds,Grey Junglefowl,India,"Tamhini, Pune",18.446,73.4266,600,field recording,2011-04-09,
Gallus,sonneratii,birds,Grey Junglefowl,India,"Tamhini, Pune",18.446,73.4266,600,field recording,2011-04-09,
Gallus,sonneratii,birds,Grey Junglefowl,India,"Tamhini, Pune",18.446,73.4266,600,field recording,2011-04-09,
Gallus,sonneratii,birds,Grey Junglefowl,India,"Tamhini, Pune",18.446,73.4266,600,field recording,2011-04-09,
Gallus,sonneratii,birds,Grey Junglefowl,India,"Anaikatti, Coimbatore, India",11.091,76.772,700,field recording,2020-05-05,
Gallus,sonneratii,birds,Grey Junglefowl,India,"Cotigao Wildlife Sanctuary, South Goa, Goa",15.0116,74.2364,550,field recording,2017-07-23,
Gallus,sonneratii,birds,Grey Junglefowl,India,"Bondla Wildlife Sanctuary , North Goa, Goa",15.4346,74.0985,320,field recording,2019-11-13,
Gallus,sonneratii,birds,Grey Junglefowl,India,"nr Mudumalai, Mel Kamanahalli, Chamarajanagar, Karnataka",11.7013,76.6361,900,field recording,2016-02-08,
Gallus,sonneratii,birds,Grey Junglefowl,India,"Thattekad Bird Sanctuary nr Periyar River, Ernakulam, Kerala",10.1257,76.6822,60,field recording,2016-02-03,
Gallus,sonneratii,birds,Grey Junglefowl,India,"Malabar WLS, Kakkayam, Kozhikode, Kerala",11.5983,75.9258,750,field recording,2019-03-20,
Gallus,sonneratii,birds,Grey Junglefowl,India,"Ernakulam, Kerala",10.1577,76.6038,110,field recording,2018-01-01,
Gallus,sonneratii,birds,Grey Junglefowl,India,"Idamalayer Dam Road, Idukki County, Kerala",10.1962539,76.698035,?,field recording,2017-04-10,
Gallus,sonneratii,birds,Grey Junglefowl,India,"Khotigao, Uttara Kannada, Goa",14.9721,74.1471,110,field recording,2009-02-26,
Gallus,sonneratii,birds,Grey Junglefowl,India,"Ganeshgudi, Uttara Kannada, Karnataka",15.2843,74.5302,550,field recording,2015-01-02,
Gallus,sonneratii,birds,Grey Junglefowl,India,"Yekiv, Satara, Maharashtra",17.7208,73.8237,1200,field recording,2014-05-12,
Gallus,sonneratii,birds,Grey Junglefowl,India,"Anaikatti, Coimbatore, India",11.091,76.772,600,field recording,2012-05-25,The male was emitting this call at an interval of 2 seconds for a total of about 3 min.
Gallus,sonneratii,birds,Grey Junglefowl,India,Manipal,13.347,74.789,117,field recording,2011-05-04,Calls around once every 10-12 seconds.
Gallus,sonneratii,birds,Grey Junglefowl,India,Manipal,13.347,74.789,117,field recording,2010-02-28,
Gallus,sonneratii,birds,Grey Junglefowl,India,"Top Slip, Indira Gandhi National Park, Coimbatore, Tamil Nadu",10.4395,76.8703,751,field recording,2010-01-19,
Gallus,sonneratii,birds,Grey Junglefowl,India,"Nilgiris (near  Sholur), Tamil Nadu",11.5306,76.6418,1000,field recording,1998-12-04,"One in dense bamboo stands, close to fence of Jungle Hut. 
"
Gallus,sonneratii,birds,Grey Junglefowl,India,"Nilgiris (near  Sholur), Tamil Nadu",11.5306,76.6418,1000,field recording,1998-12-04,"One in dense bamboo stands, close to fence of Jungle Hut. Same bird as XC603116, XC603117
"
Gallus,sonneratii,birds,Grey Junglefowl,India,"Peringassery, Theni, Tamil Nadu",10.0448,77.307,440,field recording,2021-04-11,The call of a bird from  the plains below <https://ebird.org/checklist/S85285491>
Gallus,sonneratii,birds,Grey Junglefowl,India,"Peringassery, Theni, Tamil Nadu",10.0448,77.307,440,field recording,2021-04-11,The call of a bird from  the plains below <https://ebird.org/checklist/S85285491>
Gallus,sonneratii,birds,Grey Junglefowl,India,"Kumbharoshi, Pratapgad",17.9306,73.5988,750,field recording,2011-03-18,One call
Gallus,sonneratii,birds,Grey Junglefowl,India,"Thattekad Bird Sanctuary nr Periyar River, Ernakulam, Kerala",10.1257,76.6822,60,field recording,2016-02-02,
Gallus,sonneratii,birds,Grey Junglefowl,India,"Parambikulam Tiger Reserve, Palakkad, Kerala",10.4084,76.7191,500,field recording,2016-10-09,
Gallus,sonneratii,birds,Grey Junglefowl,India,"Kakkadampoyil, Malappuram, Kerala",11.3362,76.1102,650,field recording,2016-01-10,
Gallus,sonneratii,birds,Grey Junglefowl,India,Thattekad Bird Sanctuary,10.108,76.713,50,field recording,2017-11-12,within the undergrowth
Gallus,sonneratii,birds,Grey Junglefowl,India,"Kakkadampoyil, Malappuram, Kerala",11.3362,76.1102,650,field recording,2017-03-19,
Gallus,sonneratii,birds,Grey Junglefowl,India,"The Valley School, Bangalore",12.8542,77.5098,800,field recording,2016-03-19,Bird sound at 15 seconds. is this a spurfowl call?
Gallus,sonneratii,birds,Grey Junglefowl,India,"Mumbai, Mumbai Suburban, Maharashtra",19.2239,72.8951,70,field recording,2016-05-07,The Bird was close in the bush but could not see it due to low light. 
Gallus,sonneratii,birds,Grey Junglefowl,India,"Konni Forest, Pathanamthitta, Kerala",9.1361,77.0057,60,field recording,2016-03-06,Konni Forest area in Mannarappara Range-  Forest type is Moist Deceduous forest. 
Gallus,sonneratii,birds,Grey Junglefowl,India,"Aralam WLS, Kannur, Kerala",11.9676,75.772,70,field recording,2015-03-15,
Gallus,sonneratii,birds,Grey Junglefowl,India,"Aveda Poppal Wadi, Uttara Kannada, Karnataka",15.3314,74.3681,600,field recording,2015-03-13,iPhone4 unedited
Gallus,sonneratii,birds,Grey Junglefowl,India,"Molem National Park, Goa",15.399,74.176,100,field recording,2015-03-06,"Recorded near Tambdi Surla temple. The male cock is calling here before sunset while foraging (presumably) in the denser part of the jungle. Just ""normalised"" in Soundforge. No other processing done to original sound track except conversion to MP3."
